55,11,6.03480240258504,4.89721180074938
56,11,5.70025090699002,4.7110331817652
57,11,5.46528810181806,4.466991932293
60,11,4.60906731418561,3.60874708936288
61,11,4.28051419569686,3.3423339996607
62,11,3.99725966955754,3.03643157335881
63,11,3.71860367685301,2.73445606164687
64,11,3.38690542972844,2.47828847250302
65,11,3.08022759799877,2.17254920337975
66,11,2.73239045093539,1.94258188502432
67,11,2.41896758146846,1.75877785097088
68,11,2.17807803512609,1.58373607870428
69,11,1.91844113741571,1.44826080877954
70,11,1.76096669333376,1.37647866187342
71,11,1.73691940156404,1.34474700854416
72,11,1.74313842710821,1.31839136577887
73,11,1.76845810220859,1.30263913964875
74,11,1.76508956889842,1.26731197087698
75,11,1.69010732915021,1.11797747014986
76,11,1.57805742273181,0.906447732909143
77,11,1.53940573359293,0.585996285743532
78,11,1.45825466905308,0.250627005390925
79,11,1.24063867773494,-0.043806572752897
80,11,0.96386387285275,-0.347657408573415
81,11,0.593980881818886,-0.580640207876487
82,11,0.19293962390157,-0.78073444582907
83,11,-0.167195131391893,-1.04493916299176
84,11,-0.567215302994983,-1.26283825844728
85,11,-0.923041180026603,-1.53933092234457
86,11,-1.26728803177292,-1.83787436677278
87,11,-1.65834846009577,-2.12763105268624
88,11,-1.96965923614527,-2.49898470517289
89,11,-2.32934705939442,-2.80474408720827
90,11,-2.68908681411317,-3.10663821424488
91,11,-2.97057232744924,-3.46328554211628
92,11,-3.2916651220515,-3.78046458760598
93,11,-3.55632851526533,-4.14877634322541
94,11,-3.80759834671185,-4.5265045316909
95,11,-4.10705310108805,-4.82209893625253
96,11,-4.38472367322625,-5.1072299551932
97,11,-4.6632169455273,-5.32861521295121
98,7,6.22699402788638,3.43008127269409
99,7,5.90771703230979,3.17930460462364
100,7,5.61976584078007,2.87600428646673
101,7,5.29129409927775,2.64626081330814
102,7,4.97867995459955,2.37165377911416
103,7,4.63549111896608,2.10470338818996
104,7,4.28751275558448,1.8382650120462
104,9,4.46118473644407,8.37661322215947
104,10,6.39071426028448,3.42756922577338
105,4,5.13763003477202,3.21333891197731
105,7,4.00964109778632,1.50317866041776
105,10,6.02910678182229,3.17933618161347
106,4,4.77786972350388,3.00020562800833
106,7,3.73226531607038,1.18204401917273
106,10,5.68293407888178,2.94073687941928
107,4,4.48366355829327,2.69288520136775
107,6,3.5117907814196,1.66685845786365
107,9,4.28592891279004,7.45090103500811
107,10,5.37767498221167,2.63278301131215
108,4,4.18885191871268,2.40171565548999
108,6,3.25936452490545,1.35627935981573
108,7,3.27409554527424,0.489741215175751
108,10,5.03570480755069,2.38048586542448
109,4,3.84674019499394,2.14455000665723
109,6,3.02089610289367,1.04489318828198
109,7,3.02836483570159,0.149880087591186
109,9,3.82025762533447,6.68032833764466
109,10,4.67816336725224,2.10799914057726
109,11,-4.62563195165182,-4.36343858378874
110,4,3.58801908205499,1.80306136135338
110,6,2.80433318043676,0.6926008989866
110,7,2.78614745748557,-0.206100488742227
110,10,4.38521023019216,1.78685475991385
110,11,-4.44366218281202,-3.99384215405905
111,4,3.37500732333043,1.47836450654737
111,6,2.64059831944806,0.318370163555005
111,7,2.60918537179615,-0.614877204743897
111,9,3.19492526039726,5.9309541858986
111,10,4.06779943030564,1.48904475499535
111,11,-4.17666061788191,-3.66365329497248
112,4,3.10058939012633,1.20804576768883
112,6,2.41821595160964,-0.039678421858173
112,7,2.40532965029639,-0.991070253828106
112,9,2.80696245852184,5.53923140372255
112,10,3.80392970033249,1.16731047429601
112,11,-3.91556648997788,-3.31462142256804
113,4,2.88257767634306,0.915241477492383
113,6,2.25224772768202,-0.41921782715227
113,7,2.21093094284922,-1.40821728546594
113,9,2.4372620338149,5.17920199663958
113,10,3.63155836897545,0.842847095118151
113,11,-3.62351681219057,-2.9842139697599
114,4,2.70791210127147,0.563264431216107
114,6,2.11286775155115,-0.8007229976608
114,7,2.06937758676953,-1.80275917978088
114,9,2.02831627327631,4.83895942510855
114,10,3.40621464570388,0.542790388140356
114,11,-3.29433432132884,-2.69763838866736
115,4,2.47356651674713,0.254022720732115
115,6,1.91200863762015,-1.14785025772704
115,7,1.85717807668436,-2.1096183524613
115,9,1.77362192659293,4.38538340525665
115,10,3.19337095600405,0.205869348764891
115,11,-3.00585236804401,-2.379413495284
116,4,2.24275189066099,-0.034056664356673
116,6,1.76009271811494,-1.50009595567894
116,7,1.66332038430493,-2.42921145790088
116,9,1.52567558671977,3.90717945072925
116,10,3.03568678948781,-0.151640379958159
116,11,-2.66398901691455,-2.08103563305
117,4,2.09761311458084,-0.381896812991367
117,6,1.63555487746086,-1.81414383106251
117,7,1.50377570547581,-2.77335627487954
117,9,1.4377625440906,3.3555422121799
117,10,2.85183416869161,-0.435455249399867
117,11,-2.35459346344876,-1.7916503224766
118,4,1.90556990987182,-0.682945801296764
118,6,1.47354059445392,-2.11796060379707
118,7,1.33482119437628,-3.02104430205733
118,9,1.4284172348162,2.76494384158949
118,10,2.64213784720508,-0.723050794774443
118,11,-2.07063826372833,-1.47233726305272
119,4,1.6629489508737,-0.932304482073944
119,6,1.33415090670259,-2.39444360645036
119,7,1.18712618080351,-3.24449981611284
119,9,1.47745355028516,2.16601604432969
119,10,2.50851775751301,-1.01198128379924
119,11,-1.76059261121866,-1.21413541527699
120,4,1.51913033060062,-1.2254938911386
120,6,1.16423489907585,-2.5828893252991
120,7,1.10250902012204,-3.39851535246137
120,8,4.61851142609738,6.7815069529551
120,9,1.61856622217241,1.58012883334149
120,10,2.34107270663979,-1.30052844206267
120,11,-1.47412492715113,-0.917671270753614
121,4,1.41081899825229,-1.52313458023211
121,6,0.950432384965538,-2.71347133455473
121,8,4.48737612012761,6.5194666779417
121,9,1.7304077249068,0.964852948372875
121,10,2.12283990641642,-1.50147910938053
121,11,-1.18023839562563,-0.609417302908837
122,4,1.24015620908685,-1.75783753741103
122,5,4.01713448845913,6.37572300055509
122,6,0.904623306852515,-2.84278984035159
122,8,4.49546231098467,6.15609566361939
122,9,1.9266938667644,0.388319866726513
122,10,1.93818916658624,-1.71690288318115
122,11,-0.874800321234417,-0.316582560370078
123,4,1.09121389184645,-1.95142901431444
123,5,3.89362272527756,5.78328304401669
123,6,0.929041964690409,-2.90059317683229
123,8,4.46952805919014,5.85862332294942
123,9,1.99488826596252,-0.197494917665926
123,10,1.83354849014007,-1.93340272418086
123,11,-0.657203755611335,0.002147390447458
124,4,1.0475142028503,-2.12639156741681
124,5,3.75313076820072,5.26260595937776
124,6,0.935783158504219,-2.89958380408526
124,8,4.36809274675859,5.5665343742475
124,9,2.14523143813641,-0.750979447514036
124,10,1.70638637237687,-2.07677881411145
124,11,-0.450659469212678,0.253464208652477
125,4,0.957025344356834,-2.21081703001265
125,5,3.73756533716131,4.97257073712997
125,6,0.934049204188169,-2.89566036215385
125,7,0.999179395398842,-3.46164183417462
125,9,2.2505071663154,-1.28341705198016
125,10,1.59324069933134,-2.17032295252754
125,11,-0.235596879796022,0.491179927026143
126,4,0.84726711456728,-2.23182539052618
126,5,3.71993230677969,4.89317227268696
126,6,0.87922537147408,-2.89220002082941
126,9,2.33056949157828,-1.78909178156791
126,10,1.54687506478674,-2.24644517080794
126,11,-0.112602994712057,0.697163028833413
127,4,0.833737904393899,-2.25064608138218
127,5,3.69376974993079,4.87631185258306
127,6,0.72927895734606,-2.87645680979294
127,7,0.989943406244197,-3.42295658269299
127,9,2.42515380878135,-2.1539459316721
127,10,1.55252163833861,-2.33683258353338
127,11,-0.025130854871431,0.79895854882499
128,4,0.888838298615752,-2.27581318579184
128,5,3.64607186727195,4.87706508537191
128,6,0.491118007158678,-2.94112206317123
128,7,0.969527477800642,-3.38691456168961
128,9,2.453327552536,-2.44687074470733
128,10,1.57001052608964,-2.41317654227948
128,11,0.026953594958568,0.811784369534719
129,4,0.909231588079387,-2.33837464449105
129,5,3.62727008154234,4.86942185972324
129,6,0.229562622994111,-3.12068458864495
129,7,0.962599674500105,-3.29269211965732
129,9,2.56503139843356,-2.61860050406297
129,10,1.56239514768516,-2.44512651251877
129,11,0.059704128437153,0.931019089900662
130,4,0.769642391841539,-2.33362119733133
130,5,3.67484810603336,4.84403217914563
130,6,-0.15959509994515,-3.31254213426145
130,7,0.853323431713054,-3.12617755893919
130,9,2.60276307390606,-2.60959534300998
130,10,1.52555167581988,-2.44585867818698
130,11,0.076641071757071,1.15093105927665
131,4,0.605154310435612,-2.32977755328974
131,5,3.74852357591845,5.0423033137102
131,6,-0.507880115917232,-3.51630068658385
131,7,0.634823861841773,-3.14761464082285
131,9,2.59429765873305,-2.54995593781787
131,10,1.39156241903361,-2.43529759346973
131,11,0.096083769313733,1.43942427517201
132,4,0.434000610005911,-2.45596911312782
132,6,-0.799249205541784,-3.77730388669746
132,7,0.326849950235937,-3.23007934124249
132,9,2.47072825176647,-2.5912429264571
132,10,1.17148428502129,-2.36452917525656
132,11,0.006877901697199,1.7165178562719
133,4,0.259988253806094,-2.65313352961375
133,6,-1.14808127775633,-3.98175385492654
133,7,0.030426741430811,-3.36362911701179
133,9,2.35379327889432,-2.67378916536802
133,10,0.995882929585421,-2.38424761742821
133,11,0.005228177932233,2.03989721909241
134,4,0.003329693198611,-2.80991692868594
134,5,3.65215481045399,5.12228297470387
134,6,-1.4639880814254,-4.21125676999212
134,7,-0.234197577532048,-3.58112432504826
134,8,3.69192412515705,5.72523449722958
134,9,2.30737815864658,-2.69880660220656
134,10,0.837409272359827,-2.57662749503646
134,11,0.007902314204348,2.35038496913431
135,4,-0.243494162749621,-2.94373623241252
135,6,-1.75562619501798,-4.50306502262531
135,7,-0.524262648390472,-3.83300576405427
135,8,3.26834059646583,5.75451432879879
135,9,2.2774188529595,-2.71746877277729
135,10,0.618918736229209,-2.79969363965012
135,11,-0.024424416205767,2.5659815986692
136,4,-0.463058789751312,-3.18172745378757
136,5,3.07308782833458,4.9985208572042
136,6,-2.07547708304453,-4.70281179448252
136,7,-0.851374258574248,-4.00637198827429
136,8,2.81378753632931,5.61901867742814
136,9,2.27656515795202,-2.74690099711801
136,10,0.395802282962569,-2.9153741262997
136,11,-0.010097763457107,2.69028255740428
137,4,-0.675320791597671,-3.40695328551664
137,5,2.84668591764712,4.79316603326989
137,6,-2.42378436991086,-4.91535882643082
137,7,-1.13856089681869,-4.19312839146262
137,8,2.40366868939546,5.37430466382887
137,9,2.29381902281854,-2.73473666403066
137,10,0.12751500193531,-3.08800109701156
137,11,-0.023304267151456,2.73273124910756
138,4,-0.96186624270877,-3.58624274216546
138,6,-2.75815585225899,-5.14948678247847
138,7,-1.3988614463511,-4.38080885090791
138,8,2.01050241018652,5.04667729486385
138,9,2.28767449016401,-2.72673216412298
138,10,-0.087246759557297,-3.26174557440114
138,11,-0.041129599794856,2.74818549059425
139,4,-1.2135456653828,-3.80375058586423
139,7,-1.6793401860132,-4.58309181595891
139,8,1.73352100463087,4.57373273924122
139,9,2.27752790564218,-2.72283077612991
139,10,-0.344340424757712,-3.46887182118723
139,11,-0.099024263692925,2.79586983349657
140,4,-1.47156670145067,-4.03616426178708
140,5,2.26423308750911,4.00443218876209
140,7,-2.02212596044389,-4.78197514911982
140,8,1.43643237927809,4.20346191049393
140,9,2.2935587264167,-2.73379578401683
140,10,-0.585698261399081,-3.67019207807016
140,11,-0.124972204703457,2.97327165589147
141,4,-1.7861171530432,-4.15466857700222
141,5,2.12314429005179,3.6176978256331
141,7,-2.32017441025815,-4.98543745205371
141,8,1.27823166785437,3.75678300413745
141,9,2.32892671014732,-2.68128994655179
141,10,-0.8285018412421,-3.91164991571283
141,11,0.021751750070965,3.23932822191527
142,4,-2.06623197171235,-4.30020748467191
142,5,2.03405242098277,3.20688245384774
142,8,1.12201402793942,3.36511046648503
142,9,2.37470432248117,-2.60309541460713
142,10,-1.14492381605966,-4.15219622527483
142,11,0.203157112543951,3.54914155126183
143,4,-2.29978240980433,-4.53504561426008
143,5,2.00404173640105,2.76026872140131
143,9,2.40419891729989,-2.56911444406745
143,10,-1.47610927377077,-4.34881388797821
143,11,0.477988848306368,3.84839895463666
144,4,-2.5753128378774,-4.7255850944299
144,5,1.92235133301082,2.31323389807704
144,8,0.763459985242968,2.49981022292076
144,9,2.40797138384649,-2.56700941173877
144,10,-1.79585456548687,-4.60902162884868
144,11,0.827452799394808,4.0913246328878
145,4,-2.88439148637611,-4.84069546747064
145,5,1.87320634211517,1.86867900969837
145,8,0.514914028071907,2.10513510794895
145,10,-2.10626087861201,-4.88595168977336
145,11,1.14636833718875,4.380634782923
146,5,1.86101076412905,1.39674120506893
146,8,0.298766275160136,1.68149431106942
146,11,1.53774122851576,4.59882219715146
147,4,-3.39032466704009,-5.22923676786853
147,5,1.79744109743795,0.900745542606063
147,8,0.070750579611737,1.31293306701141
147,11,1.91332805844958,4.83978710473401
148,4,-3.66941965320188,-5.30403009349979
148,5,1.77233788850984,0.431712790115265
148,8,-0.169024272149147,0.93281601131995
148,11,2.31450519732328,5.07596041100934
149,4,-3.89788002559933,-5.36229445702009
149,5,1.75254116338249,0.014282316225302
149,8,-0.206733228854669,0.533656707510073
149,9,2.39519265292549,-2.61600368851799
149,11,2.70565226137835,5.28191938099645
150,4,-4.06292324727903,-5.48925907066745
150,5,1.66578566020213,-0.406261432820556
150,8,-0.283061790525235,0.07526786677641
150,9,2.32852478452634,-2.63176807787293
150,11,3.04841547401388,5.55687623918738
151,4,-4.15165080382995,-5.51347964583024
151,5,1.61718010915788,-0.823953684868181
151,8,-0.224395645381766,-0.369108621503213
151,9,2.18976080997553,-2.53469659566725
151,10,-3.51586563203941,-5.79711805777308
151,11,3.42143501670848,5.81853054876701
152,4,-4.16707127317809,-5.49078500864862
152,5,1.54908510855378,-1.22374193884372
152,8,-0.10837021899105,-0.742489121003678
152,9,2.08252208929174,-2.4042296578061
152,10,-3.68210795770723,-5.86499717665154
152,11,3.70329012380684,6.16305706945707
153,4,-4.17864951983946,-5.48015488021137
153,5,1.35905865507507,-1.5730583619561
153,8,-0.04279484324874,-1.19976455565362
153,9,2.05172698530492,-2.35531242380071
153,10,-3.77605679126132,-5.88188420341025
153,11,3.93151501532839,6.51853761180133
154,4,-4.18304918578498,-5.48611663506564
154,5,1.21296943747382,-1.91653200569877
154,8,0.097365641157774,-1.62575196099067
154,9,2.10847100361189,-2.463408989692
154,10,-3.80791416604651,-5.85040388825613
155,4,-4.18326973114604,-5.49434386046236
155,5,1.12825502038099,-2.27779770369208
155,8,0.123590200051588,-1.9854130292054
155,9,2.18395205693186,-2.63848764146226
155,10,-3.81327065603349,-5.83392525740995
155,11,4.2434952975387,7.1250566365479
156,5,1.02733678334955,-2.63456751207838
156,8,0.11248459610318,-2.36208593374164
156,9,2.26496529510199,-2.72711554423525
156,10,-3.8050316461544,-5.83917978190023
157,5,1.00134184820435,-2.96665464706825
157,8,0.188305288543496,-2.70285820384338
157,9,2.34034596687305,-2.85537860973638
157,10,-3.79757539539807,-5.8457473886836
158,5,0.996375688427926,-3.1841015401453
158,8,0.182295528362672,-3.00051422702173
158,9,2.41755176852013,-2.99997221665534
158,10,-3.79192735669712,-5.84619026082933
158,11,4.38408716650876,7.4149151528677
159,5,1.00857688553476,-3.22013617204316
159,8,0.261961008543697,-3.1498331708664
159,9,2.45544850000711,-3.04627059343165
159,10,-3.79320719244987,-5.85293912979724
160,5,1.02115279098964,-3.22065582948998
160,8,0.440981343206769,-3.08126757191765
160,9,2.47289284635377,-3.05559532798906
160,10,-3.78969997024545,-5.86144647235431
160,11,4.66518890519183,7.19130446957968
161,5,1.02587133067513,-3.21189615543343
161,8,0.500934618241041,-3.05900683751306
161,9,2.49265019540881,-3.06743931188012
161,10,-3.74547587743695,-5.86403636897692
161,11,4.91047967455493,6.99811867435738
162,5,1.09808152693385,-3.18451709519021
162,8,0.472978733997911,-3.08030824154473
162,9,2.49918159388007,-3.06766745794588
162,10,-3.72660381879586,-5.87822352389769
162,11,5.11919794100161,6.74365151607315
163,5,1.12181602292902,-3.18448803377107
163,8,0.513551603687578,-3.03366894228173
163,9,2.50698555589136,-3.06906973231908
163,10,-3.75890616302279,-5.91998557761672
163,11,5.32603993028796,6.46205104307796
164,4,-4.05537760233231,-5.27792495157029
164,5,1.02902383183137,-3.23537138183242
164,8,0.373457289020257,-2.94356975003978
164,9,2.51006266952741,-3.07211488855007
164,10,-3.81405470140289,-5.90017073013555
165,5,1.00264641091536,-3.23909281183173
165,8,0.123400509116955,-2.84289586904374
165,9,2.51001865319187,-3.07237601304315
165,10,-3.71648637334795,-5.82562679232357
165,11,5.35573375783457,5.96268941398944
166,5,1.01590349589204,-3.19963873588489
166,8,0.023334488493685,-2.97854063971929
166,9,2.51303233143534,-3.07418275061222
166,10,-3.61009667339394,-5.75719397051917
166,11,5.14828241903247,5.68356963391531
167,5,0.901617647501024,-3.11807507795136
167,8,-0.049595431358449,-3.2199841040134
167,9,2.51200400317665,-3.0739619128161
167,10,-3.56076044248813,-5.69067791331987
167,11,4.86359910207633,5.44802637766792
168,8,-0.234365992633323,-3.38378174270615
168,9,2.51466040519284,-3.07301328978168
168,10,-3.56433204566359,-5.57077911151577
168,11,4.46366011571977,5.28331877454414
169,5,0.467543839017961,-2.96899851215809
169,8,-0.485276114626797,-3.59352528710668
169,9,2.51401295705938,-3.06919425789726
169,10,-3.61217944211808,-5.39626803292367
169,11,4.12974104825718,5.04218309062481
170,4,-3.6254588994814,-4.14095500642864
170,5,0.159141224053779,-3.08419522899711
170,8,-0.638411844618367,-3.90756788699374
170,9,2.47507821105457,-3.02154725787041
170,11,3.74954818651562,4.81944102194121
171,4,-3.45863266062614,-3.93346210448903
171,5,-0.224140176112528,-3.19521780902985
171,9,2.44642071978386,-2.9584181103714
171,11,3.32309626830755,4.63158932102917
172,4,-3.36196554504664,-3.67299205732063
172,5,-0.624870115633875,-3.37056492087462
172,9,2.40698508006858,-2.92897471199147
172,11,2.92343951231915,4.38826728490837
173,4,-3.1793566533773,-3.44865491720783
173,5,-0.983248125383877,-3.6250493619187
173,7,-2.51294991901359,-2.73536493612403
173,9,2.38181102462505,-2.94338313121583
173,10,-2.77906286407746,-4.17345300761064
173,11,2.49685892419218,4.19301037596636
174,4,-2.92304191723297,-3.29284448930884
174,5,-1.3635255540454,-3.81931076274676
174,9,2.38268831627491,-2.96876386287024
174,10,-2.4466577649975,-3.90193590714036
174,11,2.13789077916996,3.94179028129728
175,4,-2.65532527119823,-3.02434339674748
175,7,-1.64492395228622,-2.44270547881533
175,9,2.44966110326646,-3.0582699707087
175,10,-2.19631808269282,-3.59029857399306
175,11,1.78831983557639,3.68338355085377
176,4,-2.37236406383218,-2.78025912844146
176,7,-1.23234460864017,-2.26688670213785
176,9,2.47631859068922,-3.05416717615681
176,10,-1.89743225131746,-3.35007697064014
176,11,1.46107206660172,3.45095658731467
177,4,-2.01529526687416,-2.63429241790453
177,7,-0.820533542078819,-2.14901827329589
177,9,2.44198235667944,-2.91037309176672
177,10,-1.52911228946676,-3.2618703397275
177,11,1.14492253811878,3.20818239728367
178,4,-1.68941723120932,-2.40976342492586
178,7,-0.403610564319454,-2.01384351977904
178,8,-3.25567320001043,-5.46991276965492
178,9,2.41080017290048,-2.62794624811946
178,10,-1.19599360616497,-3.07924434111657
178,11,0.823770487333623,3.00782094729349
179,4,-1.39757242836267,-2.1722570049045
179,7,-0.040105108773,-1.81014524185567
179,9,2.48926723855212,-2.49873921880556
179,10,-0.842440846072971,-2.90947951013788
179,11,0.596541126850296,2.9498841371475
180,4,-1.02939048610988,-1.99948532804458
180,7,0.328504560023112,-1.61402182158856
180,8,-4.01291173661323,-5.72158350224561
180,9,2.58948980462993,-2.53665763091427
180,10,-0.49952590363038,-2.74490437212232
180,11,0.432061257888887,2.93700987329811
181,4,-0.714462372580791,-1.77043602490302
181,7,0.681926443892679,-1.41444554331427
181,8,-4.36239158119381,-5.90231241674533
181,9,2.66540869162607,-2.51533001646118
181,10,-0.216511619238182,-2.51662492405535
181,11,0.357597235597073,2.90776355673336
182,4,-0.44168143545542,-1.49763367351101
182,7,0.99356240365082,-1.17178268940287
182,9,2.60234502215922,-2.54774999742971
182,10,0.050897673627862,-2.32375422867369
182,11,0.344134684587039,2.89976973221957
183,4,-0.111307686074767,-1.3077971766448
183,7,1.30712470706019,-0.960026040801339
183,9,2.46353660679898,-2.53910752091657
183,10,0.355102439333141,-2.18169810903149
183,11,0.341023208797081,2.90530624115686
184,4,0.203983098417785,-1.14596884569656
184,7,1.64974804963629,-0.760249073772583
184,9,2.30782074325137,-2.41764531571397
184,10,0.596612063135991,-2.00477904579283
184,11,0.318749863815539,2.94874319681482
185,4,0.477180697231898,-0.903448282763612
185,7,1.97107395945764,-0.52297290074354
185,9,2.16869649202144,-2.41071371889497
185,10,0.807059346870109,-1.78421947093105
185,11,0.188849803919588,2.90025584460756
186,4,0.789948085347628,-0.711855771549827
186,7,2.35503093390121,-0.330869591691599
186,9,1.93666694246462,-2.35585943530517
186,10,1.05727709923541,-1.59076535804184
186,11,-0.034321776875227,2.74025230455094
187,4,1.13231309645825,-0.594982270516665
187,7,2.7136986059622,-0.128902039180718
187,9,1.63940266994983,-2.1988771262268
187,10,1.36652898959046,-1.3985001004297
187,11,-0.270848586644271,2.54224373446355
188,4,1.44029299743319,-0.413241095873797
188,7,3.02686280382914,0.15245797088871
188,9,1.24747078858179,-2.12503060368024
188,10,1.69640281114797,-1.22496230176976
188,11,-0.458739618874641,2.26775963232464
189,4,1.80339922042317,-0.298325192123872
189,7,3.33092693472303,0.412398076115535
189,9,0.870907693415548,-1.92078666375525
189,10,2.06712061549974,-1.18425121891737
189,11,-0.697175578897074,1.97072075200639
190,4,2.16172073491857,-0.281608927502124
190,7,3.60971398522654,0.733103830151776
190,9,0.45452861598038,-1.65520992427484
190,10,2.41657653450799,-1.15848884988063
190,11,-0.908608579464624,1.6847446301464
191,4,2.50489026119005,-0.104225049649725
191,7,3.83736790040959,1.08393155902482
191,9,0.117893455050558,-1.36301571015788
191,10,2.6792225267485,-1.06910374406709
191,11,-1.06664813113196,1.35643659459122
192,4,2.84180930209425,0.098910615333401
192,7,4.07757686243444,1.39604527937394
192,9,-0.096838501355959,-0.914472832808823
192,10,2.91330941532473,-1.03865400404818
192,11,-1.29052030881141,1.07901083608374
193,4,3.16821825008274,0.311933052918045
193,7,4.32527023982793,1.77909837906253
193,9,-0.277355920049201,-0.449395599512123
193,10,3.11990051216727,-1.04731155610525
193,11,-1.57731075668987,0.731300603927626
194,4,3.40636732675535,0.617343144241075
194,7,4.57938412654598,2.18352961337177
194,9,-0.276995297407653,0.077449431579659
194,10,3.19815929014422,-1.07014166134512
194,11,-1.85201052828249,0.398186147473381
195,4,3.62751213444864,0.95739153883432
195,7,4.91853993067378,2.49980390306239
195,9,-0.264592055046016,0.637073109558002
195,10,3.25314401720832,-1.05813522449184
195,11,-2.2181115155441,0.122042280780458
196,4,3.89748281946002,1.25959262017693
196,7,5.2347314729267,2.82879755454258
196,9,-0.146661759510189,1.17541683034076
196,10,3.25177672566571,-0.969648327967017
196,11,-2.56999816326301,-0.164082787581837
197,4,4.08052020015476,1.617303845575
197,7,5.58917634506309,3.1502457508202
197,8,-4.94140809652153,-5.75228498980702
197,9,0.053056565400777,1.71041286486709
197,10,3.18457212625151,-0.733172790139055
197,11,-2.95510724889849,-0.418884457138642
198,4,4.28576613992721,1.93845526610136
198,7,5.96929488625878,3.39077115708331
198,9,0.192134676616432,2.23760425064794
198,10,3.192898293076,-0.382262885760717
198,11,-3.34193302470505,-0.655118348340397
199,4,4.55145235819061,2.2344964258583
199,7,6.31877672356841,3.63515517193487
199,9,0.412784315913323,2.68878949830905
199,10,3.36544973721331,-0.02906883168278
199,11,-3.64352215485898,-0.963261941449176
200,4,4.8163629934195,2.61091080960857
200,8,-4.52829880588528,-5.59566378804728
200,9,0.504273742254339,3.12541584950798
200,10,3.45638458735524,0.410847068705653
201,4,5.11797513455694,2.91635549976918
201,9,0.57894960009268,3.49193889967231
201,10,3.59634829368899,0.824492616094501
201,11,-4.31177534270639,-1.53278875242519
202,4,5.47098321462514,3.17466197781558
202,9,0.635118389160563,3.84614661859305
202,10,3.86001012472992,1.19510773601569
202,11,-4.54557594717465,-1.82296314107469
203,4,5.84908150096636,3.48617951832578
203,5,-4.46717594823661,-4.14777985551021
203,9,0.605178634317553,3.98493605708986
203,10,4.1080982737116,1.56007989471466
203,11,-4.75060980108954,-2.05804552473447
204,4,6.22721413963256,3.70543358192972
204,9,0.558724309518619,4.07228450290759
204,10,4.42529752621542,1.85529601039447
204,11,-4.90972515667136,-2.25470584865334
205,5,-3.96864302514091,-3.46577836309385
205,8,-3.45345060320616,-3.94490173229811
205,9,0.624844904885313,4.06326812013997
205,10,4.79991556856044,2.09119752352973
205,11,-4.99262604924337,-2.45413161137552
206,5,-3.72270968204819,-3.0612951189739
206,8,-3.2468956467312,-3.5496152817411
206,9,0.699208709323335,3.94938465470063
206,10,5.10787036864283,2.37098904488873
206,11,-5.04541545895158,-2.55651905220226
207,5,-3.45083732723122,-2.68709268518643
207,8,-3.01289773186841,-3.19972612142305
207,9,0.705405892416014,3.83428470033748
207,10,5.41672500726132,2.5774595294627
207,11,-5.14113025014571,-2.62299188139628
208,5,-3.26982715397377,-2.20779982326287
208,8,-2.75431860675164,-2.80338134497726
208,9,0.675127047369105,3.93539652439962
208,10,5.77040391219726,2.78993078452697
208,11,-5.20524085281208,-2.71748860256743
209,5,-3.07254751058697,-1.84762309102187
209,8,-2.55942859175297,-2.40102772853197
209,9,0.733486419681727,3.99245613315296
209,10,6.05043804696162,3.06912982054306
209,11,-5.15614731003844,-2.73158110680857
210,5,-2.80782702518917,-1.4950145580912
210,8,-2.26513329095881,-1.99543321854146
210,9,0.930054657812916,3.91281079414962
210,10,6.3330128927428,3.3060758267779
210,11,-5.05134473974014,-2.69775660398242
211,5,-2.60938609569969,-1.05063699750441
211,8,-2.07411428157052,-1.57785611971788
211,9,1.16938051596081,3.84205522471702
211,10,6.61263712486248,3.50475069727469
211,11,-4.89808534480728,-2.68906883554672
212,5,-2.36777142248461,-0.722590702207001
212,8,-1.85780282130145,-1.1804553661018
212,9,1.42883907661034,3.74980769632779
212,11,-4.73016434426181,-2.6604465518381
213,5,-2.06992313024354,-0.409693213735139
213,8,-1.57849082520698,-0.850259210763672
213,9,1.5524110842947,3.46772182167196
213,11,-4.53939129237243,-2.53764134821415
214,5,-1.84912760009116,-0.009067057692901
214,8,-1.35843941812814,-0.44268756398424
214,9,1.67959450366111,3.18541397224347
214,11,-4.33193395694452,-2.36622161199507
215,5,-1.58404617601058,0.354913460187
215,8,-1.06704626478417,-0.104089125628403
215,9,1.8578353212413,2.93190573570268
216,5,-1.27991234646718,0.71232632262175
216,8,-0.779536997366621,0.258048599808917
216,9,1.86653517795869,2.64466386698803
217,5,-1.03128402545155,1.11885829972159
217,8,-0.548148046985995,0.62049624556337
217,9,1.781325158868,2.2929752217535
218,5,-0.779675470086746,1.42894652604574
218,8,-0.244976214439463,0.994043867232393
218,9,1.84836758472135,1.89050556649346
218,11,-3.01840383259924,-1.64065838122398
219,5,-0.441981922984747,1.7933514184285
219,8,0.0204857406539,1.34037825162637
219,9,1.91554427617319,1.48741436851814
219,11,-2.63422927738054,-1.45020842602807
220,5,-0.186722767507093,2.16719347766548
220,8,0.339138757761608,1.69014536849706
220,9,1.99399409906404,1.02916517077082
220,11,-2.24918356376005,-1.3052690190584
221,5,0.135770073445281,2.47183551932156
221,8,0.681150498270966,1.99690587457634
221,9,2.17661795077738,0.553572715297366
221,11,-1.86162407849514,-1.20191892668747
222,5,0.54753260874658,2.79270072727754
222,8,0.965988192960956,2.33513142197164
222,9,2.21942285518407,0.118902608554559
222,11,-1.5155759732312,-1.03444206271266
223,5,0.846316922487384,3.18825987867821
223,8,1.31884414022573,2.54914202822772
223,9,2.23724699827239,-0.319420554297474
223,11,-1.16018626351155,-0.912212294550569
224,5,1.18630618525433,3.45008333635472
224,8,1.67190827370122,2.84884724413442
224,9,2.28306081821919,-0.761923535495388
224,11,-0.823592187063136,-0.824131091775202
225,5,1.52458887467662,3.74619145384754
225,8,2.00750093264111,3.14470915897369
225,9,2.25503403173597,-1.20914274742548
225,11,-0.577619663630634,-0.729646901896834
226,5,1.82715938908222,4.06979668229012
226,8,2.41145173681418,3.42548356889953
226,9,2.22040989408138,-1.60484323637547
226,11,-0.34493150756638,-0.669712642117392
227,5,2.19334076506078,4.28223609505925
227,8,2.7431859239554,3.80597172446217
227,9,2.23699424348424,-1.95552555726231
227,11,-0.17760966191512,-0.649270397494294
228,5,2.4654690129475,4.68987907540307
228,8,3.08729420540981,4.16127875033157
228,9,2.14290834952378,-2.24584082792406
228,11,-0.095989249427312,-0.608275865406138
229,5,2.72118641383264,5.05531651185767
229,9,2.01732985712584,-2.47440083074306
229,11,-0.096870793047863,-0.593748531665664
230,5,3.03514311004147,5.3590876545077
230,9,1.97352685869161,-2.62344538456293
230,11,-0.107524979362372,-0.588784296508516
231,5,3.31205847581241,5.75821718972231
231,9,1.9765309830272,-2.81708867621029
231,11,-0.096742592985479,-0.541099158831793
232,9,2.00301175787753,-2.87255070413116
232,11,0.036203593652744,-0.544016344088919
233,9,2.09045198018991,-2.84763921128093
233,11,0.229791009891302,-0.701439046685166
234,3,4.25175261643929,4.06815151344938
234,9,2.11480510533551,-2.83473648450683
234,11,0.551410305737688,-0.832678832373053
235,3,3.7764141147347,4.15129000477037
235,9,2.07086260645038,-2.89323916358653
235,11,0.920384236813903,-0.9710421560681
236,3,3.35312875654054,4.13363764833857
236,9,2.01371773446341,-2.90297339597162
236,11,1.27449048831353,-1.18311055423844
237,3,2.90041897695283,4.06462559222193
237,9,2.01483026452608,-2.92534042266566
237,11,1.65363721374003,-1.22599387509574
238,3,2.42154054091081,4.11491248584204
238,9,2.03527724449632,-2.93072436696793
238,11,2.02908381839785,-1.30705657257345
239,3,1.9795628686813,4.11102624646799
239,9,2.04449533514759,-2.94235894888942
239,11,2.3527967500304,-1.39464114749478
240,3,1.51410719932898,4.01215373463943
240,9,2.0504300935777,-2.94276586367009
240,11,2.58782743914104,-1.39810078808365
241,3,1.06516288668797,4.06494428117827
241,9,2.04484580204529,-2.93908886599432
241,11,2.70360941973841,-1.41942128960716
242,3,0.668022107047259,4.15103735315183
242,9,2.04415492922138,-2.93248812246162
242,11,2.73014902318195,-1.41765926121506
243,3,0.184358282267467,4.25455632404941
243,9,2.06026346771123,-2.94198830863983
243,10,4.72423198256913,3.78179872836635
243,11,2.71956043835743,-1.40208400969537
244,3,0.089730671735511,4.3581770857913
244,9,2.06256633288687,-2.95252448700585
244,10,4.33745431089316,3.59687683579365
244,11,2.70941612394351,-1.40460205124895
245,3,0.163222824781601,4.39653601934221
245,9,2.06836832756563,-2.95494604454392
245,10,3.89505463760852,3.41222640138033
245,11,2.70144226278927,-1.43365797853748
246,3,0.299693032206385,4.43093536034696
246,7,5.93431654325917,3.72063612879938
246,9,2.07504027819322,-2.94619096343539
246,10,3.47441802521801,3.26430452525075
246,11,2.58924311601935,-1.39715750735955
247,3,0.591212020795376,4.33595085415111
247,7,5.56795235054397,3.51583036762568
247,9,2.09592216640112,-2.92055417048187
247,10,3.05383972068544,3.07604327790578
247,11,2.33068915420327,-1.36935823229775
248,3,0.895101060482134,4.15382024940252
248,7,5.2633307601144,3.22792499254685
248,9,2.14050694940662,-2.89551942628766
248,10,2.63243425059641,2.87812240702752
248,11,1.99400762649209,-1.37166728681338
249,3,1.05198570467128,4.29746124184366
249,7,4.93159126163699,2.95933586714621
249,9,2.17467036818958,-2.85358089277636
249,10,2.2447438917275,2.66125294239482
249,11,1.61094519532343,-1.31780072347932
250,3,1.3899487467169,4.54994609047615
250,4,5.28472066509029,3.85057738396042
250,9,2.17983171853146,-2.83939601416231
250,10,1.89520416635727,2.41836953461976
250,11,1.22896595750547,-1.33626685574167
251,3,1.83602543482165,4.63252401686839
251,4,4.93888293211027,3.57162404238913
251,7,4.32476691882588,2.35981607472948
251,9,2.16013247056849,-2.83873288071101
251,10,1.50290685475852,2.23569023326416
251,11,0.836933541611405,-1.32621521592333
252,3,2.29468793114066,4.78342331376501
252,4,4.60783813860339,3.31543191428518
252,7,4.0138732703153,2.07803514752416
252,9,2.11826272002097,-2.89376707469925
252,10,1.14077152268997,1.97672413517894
252,11,0.399771367116166,-1.27521344329487
253,3,2.78852481391895,4.85091239268775
253,4,4.24045797925596,3.11612036954122
253,7,3.69568453021257,1.79049602267752
253,9,2.10210747553629,-2.92265249787705
253,10,0.770810938155488,1.71399858623936
253,11,-0.039526681961621,-1.25742065194624
254,3,3.27317047551053,4.81870533586546
254,4,3.94833705806801,2.78762723360622
254,7,3.42144335523216,1.4542835183248
254,9,2.11896692303545,-2.94925996906741
254,10,0.36843410353339,1.46094041996844
254,11,-0.503361236658875,-1.17640449406268
255,3,3.78770353488382,4.86611097679052
255,4,3.66972315504428,2.46736969952324
255,7,3.1005041465124,1.17073432229617
255,9,2.13154370716791,-2.96072048616228
255,10,0.051926833328488,1.12801567059244
255,11,-0.966734667618145,-1.16299053150711
256,3,4.31266615958821,4.77335921352938
256,4,3.33264162090467,2.19426833488673
256,7,2.77545544798428,0.876314442523947
256,9,2.13628468121276,-2.96794104591862
256,10,-0.294510302411732,0.816054128689426
256,11,-1.43676359520751,-1.19840990687081
257,4,3.0658014671219,1.84373316700269
257,7,2.47640224718485,0.540463962806956
257,9,2.14718972471011,-2.96827430345983
257,10,-0.659798438169067,0.513425123281184
257,11,-1.93212716500768,-1.24469070722432
258,4,2.81574333426639,1.5019438583411
258,7,2.16781159401942,0.269982033202371
258,9,2.15195384886383,-2.96790435663357
258,10,-0.922311280298448,0.126866751061801
258,11,-2.37782699708586,-1.40069475049223
259,4,2.48604953877626,1.21508708798598
259,7,1.85618500451661,-0.014296416508781
259,9,2.14759946974521,-2.96473002180667
259,10,-1.21443268864115,-0.242646213170178
259,11,-2.82730717391416,-1.52514337887796
260,4,2.2310536395898,0.878897842946307
260,7,1.56204463654325,-0.332660984923934
260,9,2.15871326978299,-2.9677526357263
260,10,-1.50571275378589,-0.61278750714768
260,11,-3.27217900942664,-1.71238226548804
261,4,2.00190616093289,0.544491516487615
261,7,1.25464020049183,-0.586533859051281
261,9,2.15951653194685,-2.98109297479746
261,10,-1.76023059284672,-0.979163700453054
261,11,-3.67133415354855,-1.94421768948582
262,4,1.69438981470759,0.289909790630789
262,7,0.944130101403245,-0.858194014838058
262,9,2.15690602353517,-2.98877551641047
262,10,-2.03701176136391,-1.21063012311875
262,11,-4.06382528771999,-2.17927887947216
263,4,1.44045817380934,0.013812504329715
263,7,0.685368849168229,-1.18078961954283
263,9,2.14690663521995,-2.99395727408663
263,10,-2.35944194352312,-1.41102188156336
263,11,-4.36528240354926,-2.50788895512193
264,4,1.22805671940011,-0.304440495136872
264,7,0.393386547335015,-1.47777519298929
264,9,2.14289190402747,-2.99916169557497
264,10,-2.73170094985317,-1.61820009388453
264,11,-4.64652955745405,-2.86278127744269
265,4,0.943424810121226,-0.541352451845668
265,7,0.112177003411593,-1.79050126434513
265,9,2.14501965894722,-3.00956983447124
265,10,-3.14534549685288,-1.74351212049234
265,11,-4.8706892490106,-3.26228399997645
266,4,0.671338393865004,-0.751688275930967
266,7,-0.126625036110925,-2.13549704506107
266,9,2.15953729986715,-3.01040478110071
266,11,-4.97257714506449,-3.69557713353872
267,4,0.428280185281794,-1.07592115233451
267,7,-0.400130841400406,-2.4256441262695
267,9,2.16215234423128,-3.01395149283563
267,11,-5.09875824230859,-4.0716638467191
268,4,0.154137613231402,-1.34571290878199
268,7,-0.696168477516131,-2.74297955103173
268,9,2.16278560898297,-3.01305661014185
269,4,-0.162037339383981,-1.58229738455032
269,7,-0.94724733086128,-3.10577554570387
269,9,2.15927411452824,-3.01437917437814
269,10,-4.53568500932895,-2.61626930029802
270,4,-0.413198759547203,-1.92760334156282
270,9,2.15472344557112,-2.99035972124218
270,10,-4.75211408602606,-2.96834082894437
271,4,-0.668577850894627,-2.26520253139987
271,7,-1.57138637317367,-3.73563764739652
271,9,2.12019920511242,-2.94875123948397
272,4,-0.976080384682341,-2.50504613453227
272,7,-1.87170226769785,-4.09881023122746
272,9,2.09532747711902,-2.93109215196133
273,4,-1.22467164242249,-2.83058577103396
273,7,-2.17348795551953,-4.41102619024527
273,9,2.09456521303092,-2.92513511097516
274,4,-1.46107859590085,-3.18528294627968
274,7,-2.50904822447846,-4.70771487923187
274,9,2.09503676990922,-2.92752225728451
275,4,-1.77394034252629,-3.4690353904133
275,7,-2.85624739589613,-4.96414957341089
275,9,2.09432828362616,-2.92945912293086
276,4,-2.02084107024582,-3.75174845498451
276,7,-3.20850143952819,-5.12719847021763
276,9,2.09491957641058,-2.91923816486714
277,4,-2.18433582053254,-4.11615957627204
277,9,2.09622038985628,-2.91810186933084
278,4,-2.39617183296131,-4.40528354442764
278,9,2.09419074163242,-2.91874895139714
279,4,-2.60297679384079,-4.5880583540058
279,9,2.09150138341848,-2.91520852071459
280,4,-2.77481242187116,-4.82015721394008
280,9,2.08859504014274,-2.91305886260166
280,11,-5.31602742368375,-4.4665884533164
281,4,-3.00967398191395,-4.97284906337685
281,9,2.0893500679001,-2.91525748635189
281,11,-5.25228075519363,-4.07116668282574
282,4,-3.28389780702031,-5.0756673342621
282,9,2.10458228342524,-2.93511787801235
283,9,2.13975129344691,-2.96541163640258
283,11,-5.06170624821942,-3.24074182618097
284,4,-3.7640515197139,-5.39950852384752
284,9,2.15380464691245,-2.99869559337289
284,11,-4.92042322935369,-2.75618062111689
285,4,-3.99433980236344,-5.4761205630771
285,9,2.14958784188069,-3.00605454691499
285,11,-4.67315120522578,-2.31977703976551
286,4,-4.17364436988374,-5.54708787742965
286,9,2.12037171509815,-2.99484203939053
286,11,-4.4801684614106,-1.86633310588672
287,4,-4.27229788201756,-5.65180852178105
287,9,2.11615634817466,-2.99735325436979
287,11,-4.2594949190869,-1.47734314451036
288,4,-4.32841040886774,-5.68681688178182
288,9,2.12959846227844,-2.99265503876187
288,11,-4.00147477443663,-1.1232180957841
289,4,-4.34548214160678,-5.65712622533503
289,9,2.12252478681288,-2.97830669965782
290,4,-4.33730478734707,-5.67141201671121
290,9,2.11576747227032,-2.93647859592049
291,4,-4.3452334904831,-5.68187261358783
291,9,2.11377827194358,-2.87015305797254
291,11,-3.14070622229183,-0.035861632475879
292,4,-4.32382730241239,-5.65743890046867
292,9,2.12851890751763,-2.84722205560625
292,11,-2.82595843041103,0.308165562157067
293,4,-4.25232032894117,-5.57890189131615
293,9,2.12707112036126,-2.92293620861048
293,11,-2.4470855600024,0.605847554139059
294,4,-4.10771851037467,-5.44884587442199
294,9,2.10236809001707,-3.0497372315988
294,11,-2.12900971677797,0.946723392113398
295,11,-1.73183438093304,1.24261096027569
296,11,-1.33747853763619,1.57719156374493
297,5,5.89304857114154,3.4385506759989
297,11,-0.954950820400545,1.93571470233051
298,5,5.51483403848605,3.13041796305523
298,8,4.55371721732729,3.1889158172825
298,11,-0.529183282115528,2.23324348117876
299,4,-3.55220981718126,-4.08035405372156
299,8,4.20050688124295,2.88417205969951
299,9,2.12020574833175,-2.98974573351075
299,11,-0.174996128450031,2.58760060426324
300,4,-3.43074739613149,-3.78214481066065
300,5,4.77517859337152,2.56781467125437
300,8,3.89017445158649,2.53867916399641
300,9,2.11763606079564,-2.98736029005059
300,11,0.237375686983989,2.90860073234029
301,4,-3.23572712923018,-3.47017821918022
301,5,4.43482431480493,2.21163132181682
301,9,2.1139443932221,-2.98380061129302
301,11,0.64111956271733,3.24476416580402
302,4,-3.14310422296237,-3.10645039060637
302,5,4.13470455469489,1.90207311348848
302,8,3.22707825963039,1.8894390156723
302,9,2.11637623630386,-2.98889509224254
302,11,1.03030588749181,3.6151455725203
303,4,-3.07160829505802,-2.76978569794556
303,6,-2.35393795159656,-3.68755202386931
303,8,2.98841121419494,1.48198256712918
303,9,2.12049950442567,-3.00676133782591
303,11,1.46268543108436,3.94430929404986
304,4,-2.88185260774863,-2.45454749632508
304,5,3.55391100053356,1.16566638148242
304,6,-2.21039988130228,-3.27391388952478
304,8,2.69994463809445,1.16100572044353
304,9,2.12500022959387,-3.00904595789015
304,10,-3.81898048265776,-4.32997069980705
304,11,1.81755676784644,4.32658308281326
305,4,-2.75352662788078,-2.08613396871119
305,5,3.28282802877278,0.821882949489762
305,6,-2.00939911066862,-2.88902184068796
305,8,2.39311907906643,0.767762524300931
305,9,2.12837765222896,-3.00579037912487
305,11,2.18790338835217,4.6557478820036
306,4,-2.62608646964208,-1.71460427636057
306,5,2.96520595990274,0.471419116148799
306,6,-1.9263824051184,-2.53939488092307
306,8,2.15161176400246,0.392056665383223
306,9,2.12908082921042,-3.00475517376417
306,10,-3.37738336846034,-3.57807867551671
306,11,2.54121909786847,4.98648430962071
307,4,-2.40099993580464,-1.3763877822112
307,5,2.70808202224159,0.035871365888144
307,6,-1.850467044047,-2.20958718451774
307,7,-2.42537710373823,-3.30570363266951
307,8,1.84985699477519,0.08136030382708
307,9,2.124882154169,-3.00537743867073
307,10,-3.13285222175703,-3.21298783540834
307,11,2.85947162029596,5.3263342681937
308,4,-2.2102833186637,-1.01896032935518
308,5,2.40725846723579,-0.283394586045786
308,6,-1.78381088241257,-1.8211382275197
308,7,-2.24915250770482,-2.92247703126347
308,8,1.57914812634172,-0.326735045864445
308,9,2.12013148249371,-3.01161148806619
308,10,-2.92473717061951,-2.83583286666904
308,11,3.21930139618787,5.65785708456957
309,4,-2.08516465419646,-0.608354373447418
309,5,2.08742784616405,-0.675686918407665
309,6,-1.70644583013635,-1.41558205721928
309,7,-2.04932637624756,-2.56240976792701
309,8,1.2715041630785,-0.652654601742974
309,9,2.12006647737999,-3.00777643156687
309,10,-2.73294763879287,-2.43196405658161
310,4,-1.86352318887349,-0.258320072323798
310,5,1.81200209345611,-1.11089127599148
310,6,-1.52738138214055,-1.01456999631799
310,7,-1.92849848976924,-2.16061510746583
310,8,0.918472446366897,-0.969309407267035
310,9,2.11847592376842,-3.00328538359462
310,10,-2.51322898517592,-2.03748245960951
311,4,-1.65080165406169,0.071662164617504
311,5,1.47524862425247,-1.43421357368741
311,6,-1.37799028350232,-0.640346910355415
311,7,-1.76473971422824,-1.74990854403771
311,8,0.560749532173791,-1.35485817812455
311,9,2.12087289109972,-2.99864960471877
311,10,-2.38473862196735,-1.61190224827191
312,4,-1.48723875426007,0.479985301607629
312,5,1.11348571103007,-1.78268661378039
312,6,-1.24023163365089,-0.243167679440306
312,7,-1.56360020910968,-1.38489449888743
312,8,0.182353020999842,-1.58871747352298
312,9,2.11459121657524,-2.96758102927959
312,10,-2.21996926643125,-1.19955965698069
313,4,-1.20859613646989,0.836567601419049
313,5,0.790984336237608,-2.1286428033664
313,6,-1.00800312569963,0.063390616812421
313,7,-1.41852529958224,-0.996801481994447
313,8,-0.110256412613116,-1.93272757590051
313,9,2.09870447128533,-2.94658021146273
313,10,-2.01983852239707,-0.801745412220865
314,4,-0.900317599597111,1.18618499776646
314,5,0.405604930540283,-2.39873998306924
314,6,-0.873480168209723,0.428356214429528
314,7,-1.23961801986543,-0.615633761119088
314,8,-0.426842671148449,-2.23823264368248
314,9,2.10326236946605,-2.94640160755181
314,10,-1.9006720199642,-0.384303404875341
315,4,-0.664484261927821,1.60792898869739
315,5,0.02123962874088,-2.72190186019606
315,6,-0.68215180680069,0.786500686523722
315,7,-0.999009830864248,-0.289359966475983
315,8,-0.816693413409429,-2.49973919116883
315,9,2.10897117705225,-2.94728631767978
315,10,-1.71322925289344,-0.009055363517545
316,4,-0.348008484976287,1.93695380287158
316,5,-0.319674937825948,-3.0633138627615
316,6,-0.390198914321467,1.09090792797653
316,7,-0.803117472020453,0.060294810643307
316,8,-1.14049877540334,-2.86915275627171
316,9,2.11701478044861,-2.94506342419901
316,10,-1.49270886865757,0.373828647775497
317,4,-0.021083122867741,2.22671396453318
317,5,-0.682377280366011,-3.33428789244219
317,6,-0.119564596186295,1.41766774200142
317,7,-0.586211852134933,0.430772816259823
317,8,-1.51279130134282,-3.12692685656917
317,9,2.12122041311713,-2.94408898582582
317,10,-1.27311697178961,0.768020623043496
318,4,0.241557101439136,2.58787741887902
318,5,-1.0439761748268,-3.66769897753638
318,6,0.162172845712181,1.71452086112487
318,7,-0.30696297675422,0.738013637012917
318,8,-1.87339170015581,-3.42624742829517
318,9,2.12257573206483,-2.97708414286055
318,10,-0.99223504948109,1.11353693210121
319,4,0.582235924023837,2.92016719122927
319,6,0.474953018982547,1.99422418203746
319,7,-0.059145327764326,1.05196930569574
319,9,2.11798802538085,-3.00378316566108
319,10,-0.73896848874923,1.44953738830543
320,4,0.936284894246193,3.18606317513223
320,6,0.704960621211701,2.33458754794007
320,7,0.180545879442992,1.38834802039793
320,8,-2.59892457202585,-3.95719968150417
320,9,2.11689563836051,-3.00451929129928
320,10,-0.455785805729663,1.81464949798542
321,4,1.25516622815631,3.55759472104236
321,5,-2.17385384308227,-4.61976617057258
321,6,0.984387977029321,2.62286626816422
321,7,0.462218596962851,1.67239306110945
321,9,2.11613318660825,-2.99769935384281
321,10,-0.116330327525451,2.07751469714354
322,4,1.59397151135828,3.84564696193441
322,6,1.27934482550327,2.88179281062165
322,7,0.736776578104276,1.99747593381531
322,9,2.11338771904933,-2.99160412968852
322,10,0.181850428979242,2.34244238154437
323,4,1.96917504857986,4.09247672192064
323,5,-2.93170063772881,-5.14734753862211
323,6,1.56694832811776,3.18265422396609
323,7,0.962683108785358,2.34533066856827
323,9,2.11192308848807,-2.98698867425547
323,10,0.424361015152612,2.64831579356535
324,4,2.27161259157041,4.45832735517893
324,6,1.89192393742535,3.41702887306326
324,7,1.24322757462592,2.63088534616232
324,9,2.1094551476033,-2.95641444697713
324,10,0.710270397587935,2.95016790747662
325,4,2.56979644599684,4.78223536407913
325,6,2.19228762784159,3.6841912946606
325,7,1.53378236579235,2.91520168759368
325,9,2.13428864557022,-2.83780911029399
325,10,0.948851616730197,3.26954432314941
326,4,2.89345204218468,5.08543989714418
326,6,2.4376395068113,4.00779443803276
326,7,1.78571323017639,3.23029050503006
326,9,2.20022148501477,-2.60351393899981
326,10,1.16246737111128,3.6172852203679
327,4,3.12762493399918,5.458446709279
327,6,2.71075903983062,4.29668798684454
327,7,2.08315619516463,3.50087779889098
327,9,2.25974087921026,-2.38632200111479
327,10,1.45320602532193,3.89714355280369
328,4,3.3852529899198,5.81325227820566
328,6,2.94847767967763,4.62954803595981
328,7,2.39062813933093,3.76449197072936
328,9,2.19516044028887,-2.2135253255692
328,10,1.72759943653036,4.21206442630607
329,4,3.69268646095757,6.14550938066937
329,6,3.18353346255978,4.989852234735
329,7,2.622557778896,4.06740846083725
329,9,2.11100435930455,-1.90730222823723
329,10,1.96154290735957,4.55883326018694
330,6,3.46569624096066,5.29963681739755
330,7,2.91368512517762,4.35349480569101
330,9,2.18647385283231,-1.57538515804684
330,10,2.22458919276388,4.82045479575397
331,6,3.6792405042559,5.62855805209768
331,7,3.21550826839738,4.61607169375407
331,9,2.26747844934189,-1.17992652230517
331,10,2.47578466758835,5.10386639447177
332,6,3.87090749590279,6.00592262301526
332,7,3.44224158665165,4.91549126680182
332,9,2.33007602341092,-0.728383272515633
332,10,2.67517020425075,5.41251794533211
333,7,3.71623344407285,5.23055322766067
333,9,2.49593323595475,-0.299006535865546
333,10,2.9182790325152,5.69309331063932
334,7,3.98727108211717,5.53119848384282
334,9,2.59131142537359,0.154395494116116
334,10,3.12618567186546,5.98165417709649
335,7,4.16040840621583,5.88239791573344
335,9,2.66702477702833,0.627430399547006
335,10,3.27356767691332,6.28780094674493
336,6,4.30974112367058,7.54043314219195
336,7,4.31835333703397,6.27103323969612
336,9,2.82209921509406,1.10558347956542
336,10,3.45118326957327,6.52348224146144
337,7,4.46910193737933,6.65115113000449
337,9,2.89765214332144,1.59754146354935
337,10,3.64048262543843,6.70955137620954
338,7,4.50864447335251,7.05566153533534
338,9,3.00704978347325,2.10416121708443
338,10,3.76459185983044,6.88936058731636
339,7,4.5256821189305,7.48705171593614
339,9,3.14583976580244,2.62635940924187
339,10,3.84745412761082,7.1104901537285
340,7,4.52036057762392,7.90175733585143
340,9,3.19675064691649,3.14497001203692
340,10,3.98524556241712,7.3048638235778
341,7,4.4139284624901,8.27938146467283
341,9,3.34152908082308,3.62451535379521
341,10,4.19117441179485,7.5115111589816
342,9,3.44479743887861,4.1112163547542
342,10,4.29089364192289,7.78683500336584
343,10,4.25272865924652,8.12289675425909
344,10,4.34250098652825,8.42013479205427
357,11,5.17893666335425,3.90958538393385
358,5,-2.29075867123715,-4.82222169419936
358,11,4.72788797989672,3.79624283353646
359,5,-1.91073764076459,-4.58258044142333
359,11,4.2698739583613,3.69797719456325
360,5,-1.5632462402196,-4.2953352241928
360,8,-2.28176233317257,-3.85941984411357
360,11,3.80793641322886,3.61820899024587
361,5,-1.21070730166258,-3.96218951248942
361,8,-1.91192930968817,-3.66698912141627
361,11,3.31564413351765,3.60885428449561
362,5,-0.792378121633072,-3.73939805596035
362,8,-1.56497117622389,-3.43365467797391
362,11,2.85263232911836,3.55008690200707
363,5,-0.387703299611794,-3.46348117548508
363,8,-1.2823629471911,-3.21041886273706
363,11,2.37123151227559,3.55548759651529
364,5,-0.021400677315408,-3.24206855693771
364,8,-0.93635854882963,-3.10034703248296
364,11,1.90763278564294,3.58654544670747
365,5,0.395029352625953,-3.09837327660346
365,8,-0.631010566553925,-2.91969160400016
365,11,1.45048309410472,3.58804113057619
366,5,0.728306994056599,-2.90596052984652
366,8,-0.400769119444017,-2.65363156146553
366,11,1.03090847655008,3.61490868860209
367,5,1.02558099125941,-2.63436363480937
367,8,-0.044950867041712,-2.56213344076057
367,11,0.682476527451713,3.5640508700122
368,5,1.3895460913263,-2.40608297787069
368,8,0.300828097171707,-2.3730793535338
368,11,0.384039024755187,3.51808420523439
369,5,1.67298373936943,-2.07776348012771
369,8,0.614016968185553,-2.10607776471272
369,11,0.206434871898473,3.50675093183153
370,5,1.89902612596393,-1.72715150727849
370,8,0.963169049461979,-1.81563338149411
370,11,0.139890404632219,3.49056264128417
371,5,2.18358095658803,-1.37614333038715
371,8,1.20234907024826,-1.43836888342113
371,11,0.095835542075134,3.49046259802779
372,5,2.42545562492385,-0.978361330441563
372,8,1.41228895337871,-1.03195278313504
372,11,0.012728007968907,3.52271024213922
373,5,2.67859449643275,-0.575758138191896
373,8,1.69564562060065,-0.595340260449894
373,11,-0.205041177281841,3.43807784543488
374,5,2.95752807271462,-0.220773513777054
374,8,1.98898982173083,-0.157828270722448
374,9,3.85723580868401,4.3085634181658
374,11,-0.471756827625666,3.25820060795918
375,5,3.1448279162582,0.161669272792665
375,8,2.37891569133082,0.274379299274845
375,9,3.54664072465435,3.80414836405732
375,11,-0.817382004395134,3.11018074072255
376,5,3.45295548236104,0.526012340198137
376,8,2.69891998444029,0.694043666137089
376,9,3.30361070535186,3.28212496609873
376,11,-1.17006667100375,2.87491379770045
377,5,3.7760764514139,0.855756519593979
377,8,3.05931607142967,1.07539124962308
377,9,3.01777925323137,2.77989065767091
377,11,-1.50810631040044,2.60814754392214
378,5,3.97541618482254,1.19930267412532
378,8,3.42523241291414,1.48430810687886
378,9,2.73027856028209,2.26435693926676
378,11,-1.83632656244727,2.30062038133575
379,5,4.23775839821279,1.48672401991421
379,8,3.73379915878304,1.87322965813187
379,9,2.51634153174207,1.71360961515025
379,11,-2.10562054411221,1.96616567519565
380,5,4.52640496293649,1.76826578390553
380,8,4.13112826969798,2.2395516297527
380,9,2.29061274134755,1.1544724427558
380,11,-2.42478691702574,1.64191556246815
381,5,4.72823863184217,2.1148584615514
381,8,4.42122067403219,2.64634633533439
381,9,2.2441958692745,0.559464229636583
381,11,-2.67433826870532,1.26405782548137
382,5,5.04570865519457,2.41860983405746
382,8,4.726329025328,2.94571100633313
382,9,2.1489621951402,-0.066773934553824
382,11,-2.84200132558748,0.866092063275991
383,5,5.34634036531903,2.72522717554643
383,8,5.01550347642076,3.24720166590084
383,9,2.17567418363775,-0.657595523095812
383,11,-3.050272498786,0.467234102659076
384,5,5.51553935478052,2.98658662018717
384,9,2.23036467366119,-1.22949093266086
384,11,-3.20061216542715,0.050448145398607
385,5,5.71834150479978,3.10668313955429
385,8,5.51664096465346,3.76005394865348
385,9,2.28326936761778,-1.74027265982871
385,11,-3.35956230241213,-0.371241617214207
386,5,5.90838269988109,3.14238320740143
386,8,5.61034342817404,3.94121529691236
386,9,2.36960678504844,-2.13417490612362
386,11,-3.56866770300015,-0.775348999204703
387,5,6.04801924877995,3.23361254991
387,8,5.6588468447652,4.01504129099037
387,9,2.38781190134355,-2.44910639877848
387,11,-3.73520641026203,-1.18836007454444
388,8,5.71939650920536,3.9026683239588
388,9,2.45586299156772,-2.61564233527981
389,5,6.26495148181994,3.41376821093411
389,8,5.77811232305127,3.66824846070061
389,9,2.53711180169959,-2.61270971710968
389,11,-4.22459336639484,-1.98793685018382
390,11,-4.40684638208906,-2.43095404022245
391,4,5.9597660282134,4.78452485672803
391,9,2.28316458517822,-2.57329798461487
391,11,-4.60475702536684,-2.86959541424551
392,4,5.60507336612986,4.61311441955053
392,9,2.26794884402973,-2.63017836113647
393,9,2.31961500155106,-2.78804401782505
394,9,2.38148595450535,-3.06339551630678
395,4,4.67860123554574,3.79960740971231
396,4,4.46164769321116,3.42161340508846
396,9,2.43753767505844,-3.14432668793851
397,4,4.16128582851417,3.12582362873319
397,9,2.41828706143888,-3.10570990327142
398,4,3.88975708421974,2.8383605788741
398,8,6.13260211261304,3.9674661153945
398,9,2.43433861066204,-3.11422165357959
399,4,3.69354719463631,2.49068121825002
399,8,6.38221134149092,3.95492966788988
400,4,3.4394195592175,2.18499212337173
400,9,2.47069562445366,-3.13236077737571
401,4,3.20795761456852,1.89847662935525
401,9,2.4819281724143,-3.13418426915521
402,4,3.05301051913283,1.53340625885346
402,9,2.49080477745644,-3.13602469630423
403,4,2.86282316038507,1.19871722481126
403,9,2.49034748025419,-3.13501373737461
404,4,2.62717371578876,0.890735845129397
404,9,2.49235900442679,-3.13442224879453
405,4,2.4493650479652,0.467640188734302
405,9,2.49860801147923,-3.13464140967808
405,10,5.02184803045706,3.71597172203697
406,4,2.22854588294554,0.146025013194195
406,9,2.50506572088339,-3.13422002314581
406,10,4.67472185162388,3.3197637833778
407,4,1.95796127739804,-0.037496378359372
407,9,2.5079871508486,-3.13201557433778
407,10,4.31539532129139,2.9184829571891
407,11,-4.55449631886345,-5.91766489174629
408,4,1.75102060989555,-0.29126280566353
408,7,3.67981828154183,1.58431950046124
408,9,2.51307749235964,-3.13188553157475
408,10,3.90152347084465,2.61418338640348
408,11,-4.3592378896685,-5.63554173148173
409,4,1.54922080494424,-0.579834083742064
409,7,3.46541487552235,1.22456433814388
409,9,2.51431695294462,-3.13223411209914
409,10,3.50878228839891,2.30769085662181
409,11,-4.13868082312827,-5.28651041560793
410,4,1.30076933056945,-0.841345745160506
410,7,3.22436930062027,0.871026250753364
410,9,2.48324952499401,-3.10808975003472
410,10,3.17007880113372,1.92557579819928
411,4,1.07544527239353,-1.07892103074189
411,7,2.94446235533865,0.559155371529829
411,9,2.42176905267393,-3.05991361340158
411,10,2.77151251435982,1.58658430160653
411,11,-3.84001975624371,-4.44538818638371
412,4,0.920395036184615,-1.36489990341477
412,7,2.7276539444083,0.221912521724541
412,9,2.42753403075322,-2.96140289318463
412,10,2.44841646642874,1.21832967176652
412,11,-3.66642119740882,-4.01637929358898
413,4,0.742912646503694,-1.63469790267135
413,7,2.501922720068,-0.127355385264781
413,9,2.38453734095733,-2.74509564712615
413,10,2.12903527533317,0.847944600935449
414,4,0.517206728699189,-1.84918970824933
414,7,2.24965070669787,-0.436878013868128
414,9,2.38641560633224,-2.61025455190943
414,10,1.80438507159798,0.517303588273902
414,11,-3.26740843561987,-3.18516683167531
415,4,0.423461403643388,-2.10996057255326
415,7,2.07600053379147,-0.769541023985303
415,9,2.48685458325171,-2.63993943855527
415,10,1.57217059616054,0.133727762143073
415,11,-3.02714866307386,-2.79283140469302
416,4,0.394079732908535,-2.34513161434344
416,7,1.92645964623129,-1.1192001265701
416,9,2.58482913776051,-2.6100102405427
416,10,1.31688598508019,-0.272279015241989
416,11,-2.77449562336027,-2.39127856813453
417,4,0.317015659779619,-2.51631240068772
417,7,1.7435689988746,-1.41065478336914
417,9,2.63191181096898,-2.48772121495211
417,10,1.08857532610272,-0.668559577183129
417,11,-2.4876985318123,-2.04863628520267
418,4,0.24635174699355,-2.6054766435214
418,7,1.60340486729797,-1.70012393617269
418,9,2.53992298796651,-2.18942670504648
418,10,0.960134653739433,-1.05400607746299
418,11,-2.22792192535232,-1.67945511276165
419,4,0.251036765491945,-2.61071159429469
419,7,1.496958670241,-1.98478263469887
419,9,2.46678713938411,-1.88366213829694
419,10,0.810289349109678,-1.36474756847284
419,11,-1.89195158095246,-1.37723452280156
420,4,0.276667474510369,-2.5807912176946
420,7,1.3620086813892,-2.18020713516869
420,9,2.54409729361461,-1.55133115184934
420,10,0.684185161588856,-1.61671028830248
420,11,-1.52286885043378,-1.17101478200668
421,4,0.305287631562285,-2.56468807440638
421,7,1.24852761337982,-2.29493538942772
421,9,2.6281946209841,-1.10376579580448
421,10,0.679127538985825,-1.80086068559221
421,11,-1.1826548359133,-0.938033591457222
422,4,0.293518374033339,-2.53564004574601
422,7,1.22969361581024,-2.36286162120974
422,9,2.69930669196055,-0.697549784156342
422,10,0.734065540802617,-1.93304133507964
422,11,-0.841918073436997,-0.794548118927446
423,4,0.294853829650092,-2.52056050618496
423,7,1.24976533567548,-2.40205604866678
423,9,2.74494148315169,-0.385292799040901
423,10,0.723559282361448,-1.99114929960606
423,11,-0.578645371678288,-0.683993125881726
424,4,0.29221774664523,-2.52755893871063
424,7,1.25810446373617,-2.459483962322
424,9,2.78318757697003,-0.268632538612634
424,10,0.700642011894844,-1.98319531808542
424,11,-0.393180405819987,-0.596402409371849
425,4,0.293842958238677,-2.55064547627313
425,7,1.22915113461396,-2.51407926541743
425,9,2.80987155545699,-0.202685158674857
425,10,0.693001300511088,-1.93634269375728
425,11,-0.265855211747284,-0.583186858674513
426,4,0.244044400875837,-2.57737770036244
426,7,1.11066410643098,-2.56724424200615
426,9,2.74551841919361,0.007571579855072
426,10,0.714370825291345,-1.89737511411956
426,11,-0.221559173345643,-0.58922497125901
427,4,0.029645588224318,-2.57692299322124
427,7,0.931809759560301,-2.54886835755062
427,9,2.54622852797525,0.33180257626547
427,10,0.647823053860986,-1.86371777515408
427,11,-0.207635729953336,-0.597649120641343
428,4,-0.198430593015965,-2.72031408283276
428,7,0.805831932939533,-2.52135450612404
428,9,2.38196772842582,0.800896626326058
428,10,0.454482880118837,-1.78646652264843
428,11,-0.199424809947611,-0.590094359990714
429,4,-0.394808746767788,-2.9902668041774
429,7,0.647001489411708,-2.56016620525798
429,9,2.0976407040336,1.28840305077294
429,10,0.293209780245225,-1.85304822133802
429,11,-0.201356221579852,-0.534830601597798
430,4,-0.635418750929053,-3.19406493664417
430,7,0.408893840224724,-2.65117254322539
430,9,1.84306388771257,1.81927905213784
430,10,0.113831785976205,-2.02105449553857
430,11,-0.205528272856202,-0.411892012623627
431,4,-0.933219768378527,-3.38355142239996
431,7,0.14502067625967,-2.71494852581768
431,9,1.51587201078668,2.34552996801432
431,10,-0.123671020733628,-2.09882934195738
431,11,-0.125886805559927,-0.213692424419507
432,4,-1.17335031897318,-3.67043368122286
432,7,-0.155023684863625,-2.8293225365586
432,9,1.27653540694726,2.85413844037315
432,10,-0.411176833252843,-2.15227280948007
432,11,-0.060112634749902,0.045293358278595
433,4,-1.43788176586033,-3.9182334582714
433,7,-0.437111775833799,-3.03656798938113
433,9,1.04967718607997,3.33230021237934
433,10,-0.691926285216067,-2.25925143432735
433,11,-0.054580795518741,0.321969733199099
434,4,-1.78432919145556,-4.06897957011007
434,7,-0.749129553021324,-3.21344648459236
434,9,0.7817305576425,3.70906833357253
434,10,-0.986984890829711,-2.39691036238155
434,11,0.049012195688538,0.611227160628211
435,4,-2.11585665174642,-4.2744445306733
435,9,0.623796341337575,4.02640600876011
435,10,-1.34365445565045,-2.48816523901243
435,11,0.199360046910034,0.914489154778025
436,4,-2.44579339952084,-4.47619943977538
436,9,0.517173278868673,4.16491283830016
436,10,-1.68919564988029,-2.63785889941083
436,11,0.350940338413635,1.21485138302849
437,4,-2.79801605692965,-4.58530030929924
437,9,0.492130177848886,4.21821592496671
437,10,-1.96542687332945,-2.85547792235954
437,11,0.598211369584632,1.53599587717976
438,4,-3.11137327374617,-4.71779020140268
438,9,0.567332155163118,4.19903383202114
438,10,-2.25376870652331,-2.99852353710943
438,11,0.902191608162782,1.82325545796298
439,9,0.63689790067027,4.08813428414704
439,10,-2.55525966498226,-3.13559596730235
439,11,1.14403621799818,2.16660647125145
440,6,-2.86708717017735,-5.42905769104262
440,9,0.681438509927383,3.8554616704555
440,10,-2.7861337599668,-3.3547970383398
440,11,1.43060490249192,2.48121119547483
441,6,-3.19394351817692,-5.68802904600058
441,9,0.592234833884805,3.70385653711534
441,10,-3.03311651445628,-3.60565882746663
441,11,1.69708638802386,2.82792294974946
442,4,-4.32206755165379,-5.00254041542242
442,6,-3.54915430471399,-5.86052401619274
442,9,0.586234525801051,3.42431215637967
442,10,-3.27627682749701,-3.80636846514853
442,11,1.90974536396659,3.2276119916803
443,4,-4.62840879835879,-5.05653547467151
443,6,-3.88090193880264,-6.00251998111251
443,9,0.664741557771881,3.10736829445514
443,10,-3.48002548533693,-4.03154787429225
443,11,2.16807868411546,3.60903526271448
444,4,-4.94554089239143,-5.02450729571424
444,6,-4.23023848626436,-6.11524130367514
444,9,0.819425228282375,2.78293211231736
444,11,2.36993285797276,4.0059469296032
445,9,0.923505691909005,2.43021703876588
445,11,2.63245403152383,4.36547264440665
446,9,1.05930642402801,1.98357046390747
446,11,2.99804432814466,4.6326517415831
447,9,1.26138285132325,1.5546990167541
447,11,3.37233020079148,4.89128089607488
448,9,1.36854393887981,1.10205105789402
448,11,3.81565710246569,4.98219557742948
449,9,1.46683118190212,0.65024481120645
449,10,-4.60504331631569,-5.07875396588977
449,11,4.2503409162083,5.06579478092823
450,9,1.581686555773,0.222813805704436
450,10,-4.79051125149346,-5.06254254948726
451,8,3.44178760760629,6.46658952157183
451,9,1.57123751026836,-0.213861856494111
451,10,-4.88373195314932,-5.08664333112362
452,9,1.600980453571,-0.65513982253029
452,10,-4.91811865381625,-5.11690496756976
453,8,2.81557196146446,5.82465323018746
453,9,1.60820553858108,-1.09630484742527
453,10,-4.93256985432501,-5.10940963431299
454,5,3.63043961986312,5.41308789216887
454,8,2.50160368802037,5.52213666624983
454,9,1.55426714006102,-1.51068603172522
455,5,3.31340471576308,5.04521471201077
455,8,2.3121166222769,5.15515168542901
455,9,1.57100937658214,-1.92958032040697
456,5,3.07561758003633,4.61668946359648
456,8,2.08802998580272,4.78561511154439
456,9,1.63817542902803,-2.30653297211178
457,5,2.78873852294094,4.22948628910312
457,8,1.85620671585917,4.40281590444624
457,9,1.70397919607722,-2.61222119794862
458,5,2.45391688865582,3.84572567882842
458,8,1.67559737785614,4.00638435383641
458,9,1.85034814832149,-2.76442032659344
459,5,2.17309037514416,3.4066949935741
459,8,1.36590263049645,3.65197175794289
459,9,1.992941875864,-2.75910989825189
460,5,1.8439232703273,3.05875680924537
460,8,1.11862603704216,3.26154307674881
460,9,2.15683369909244,-2.77394210086833
461,5,1.49588455188482,2.74010404539829
461,8,0.877191863015345,2.89039985216611
461,9,2.28608662008107,-2.76584463715844
461,10,-4.34503474933216,-4.44759992825015
462,5,1.24820389494936,2.35422711773043
462,8,0.566530937875791,2.55184235499965
462,9,2.30102606359696,-2.78396641259851
462,10,-4.07150006206294,-4.15375990451686
463,5,0.941139857356719,2.0152857582592
463,8,0.309528040464317,2.18406751287326
463,9,2.26338250427753,-2.78884083827353
463,10,-3.62389936812225,-3.96069013262419
464,5,0.580109131528654,1.64020439592573
464,8,-0.029097556549104,1.88107931918444
464,9,2.24409013214324,-2.76848085722659
464,10,-3.26922248461152,-3.73085756900949
465,3,3.3920863317445,4.44665369708339
465,4,-4.45045268673238,-4.1147552635311
465,5,0.331760458746269,1.21515407413786
465,7,-2.55517913676967,-4.56532999962563
465,8,-0.362325076042282,1.54776565003572
465,9,2.24381228049327,-2.75884460208246
465,10,-2.87848485912717,-3.53193461414457
466,3,2.88206448239469,4.40088606380095
466,4,-4.08620940267604,-4.00424666651962
466,5,-0.000186440346233,0.868900686542301
466,8,-0.68835764843154,1.19711103247028
466,9,2.27098456124559,-2.75295935775136
466,10,-2.47565389577093,-3.32448324367117
467,3,2.46423973740229,4.25592709705109
467,4,-3.73888190619067,-3.82452025298136
467,5,-0.306162913218531,0.473843766355555
467,7,-1.85016883909954,-4.0425139877678
467,8,-1.09051937929632,0.883742534220551
467,9,2.3074304211572,-2.71874731462309
467,10,-2.15891735630104,-3.00051503574995
468,3,2.01489611152217,4.07438216924538
468,4,-3.3570729716171,-3.73182937295008
468,5,-0.59648555537695,0.070613200608708
468,8,-1.38059769035199,0.52580609604439
468,9,2.28105307379843,-2.70251507327172
468,10,-1.80860897923186,-2.84676260476674
469,3,1.53198438539613,4.01344427674168
469,5,-0.918274776510776,-0.233764403906231
469,7,-1.1636479282634,-3.52774656317721
469,8,-1.72943609345909,0.169656320117874
469,9,2.24938053255151,-2.7429038864178
469,10,-1.4444623430449,-2.74467457805398
470,3,1.1154565218388,3.9681063988755
470,4,-2.71563186716591,-3.34055257409711
470,5,-1.25515641905414,-0.600854800381598
470,8,-2.00058911937942,-0.237000577389116
470,9,2.3034057799861,-2.75964277955041
470,10,-1.13994699577815,-2.50690939695878
471,3,0.658689121272618,3.96740156608712
471,4,-2.37386655148442,-3.1534271876856
471,5,-1.53171817041417,-0.952969203172928
471,7,-0.513929452799779,-3.0632337731287
471,8,-2.22328109851843,-0.6336740250923
471,9,2.33168223310313,-2.74195895596516
471,10,-0.905411913304767,-2.31936605563553
472,3,0.335187697224125,4.35733729515583
472,4,-2.05143003619338,-3.01615827091637
472,5,-1.85030587973126,-1.2641550583215
472,7,-0.212726285558538,-2.74239560845839
472,8,-2.51270924024413,-1.02280653993656
472,10,-0.646965987031033,-2.11054284785879
473,3,0.243892410524823,4.54215093207152
473,4,-1.77261030266724,-2.77073716733273
473,5,-2.09812796150858,-1.68205194267347
473,7,0.123428591969105,-2.4583704465551
473,8,-2.72262450984171,-1.44148512747181
473,9,2.35251146211205,-2.71273531559597
473,10,-0.435443981162057,-1.79932316677016
474,3,0.271177064052343,4.57164162307624
474,4,-1.48418522862233,-2.55101070106643
474,7,0.407791958015618,-2.15564307516063
474,8,-2.99140641791112,-1.85156892705514
474,9,2.40598551274862,-2.7587825136904
474,10,-0.158757421840517,-1.55966068579642
475,3,0.298078000341401,4.48391049408914
475,4,-1.14424898049403,-2.39146841376982
475,7,0.706648017758536,-1.84327109572875
475,8,-3.23967519894799,-2.23844013282694
475,9,2.4278749561835,-2.79077196980734
475,10,0.166315412399287,-1.30504537658694
476,3,0.484228000908967,4.23948006620604
476,4,-0.873495845357837,-2.14783263869063
476,7,1.05653721652721,-1.58664525144937
476,8,-3.42086848674763,-2.61173463046164
476,9,2.44332576440048,-2.7969184703855
476,10,0.457764712727455,-0.912520958101256
477,3,0.75303635852768,4.06475110480098
477,4,-0.612362581387366,-1.8825911198926
477,7,1.3393835022975,-1.29518147031485
477,8,-3.69331337777024,-2.97007790901213
477,9,2.4614231000669,-2.78789140358427
477,10,0.744416567113795,-0.628364632899909
478,3,0.96822045288401,4.13003033101521
478,4,-0.251211129904422,-1.68692890454167
478,7,1.64552742708972,-1.0097276955548
478,8,-3.87277989063991,-3.34588211384257
478,9,2.45006543775228,-2.78302265145252
478,10,0.999200486759737,-0.328558853168055
479,3,1.22770639293178,4.37976605217873
479,4,0.043949983507521,-1.45409600345894
479,7,2.03799716821782,-0.762541464440097
479,8,-4.11274049484179,-3.67091071930407
479,9,2.45030689749731,-2.78922324399751
479,10,1.21161904313114,-0.011888758690449
480,3,1.64115762578626,4.54398994449208
480,4,0.239221580485077,-1.14998473163112
480,7,2.36993035890158,-0.435761860681943
480,8,-4.42849947392553,-4.05165399446614
480,9,2.43522648616905,-2.77764235168095
480,10,1.40680742727306,0.306164703332048
481,3,2.11770297269184,4.62630189142226
481,4,0.501643575336828,-0.962074432590324
481,7,2.72421627646376,-0.178144754080745
481,9,2.43212345009119,-2.76457484642719
481,10,1.51270721463821,0.653825258381912
482,3,2.62123146285934,4.81361384623065
482,4,0.814608067926409,-0.776278410848704
482,7,3.05727120445864,0.089269218918398
482,9,2.44865971973514,-2.76994576127553
482,10,1.56865515112891,1.05408082532412
483,3,3.18946065687861,4.8680007832861
483,4,1.0498135216678,-0.435871575006445
483,7,3.32042064027255,0.395113800482212
483,9,2.45997741157189,-2.81756418112767
483,10,1.69254645434357,1.44625831970887
484,3,3.72432675743248,4.85475736684055
484,4,1.27717095946787,-0.157898011125868
484,7,3.60814175793968,0.63026814966547
484,9,2.45629179159478,-2.82110747499338
484,10,1.76389760953967,1.84878360601785
485,3,4.23671656022098,4.90234467774739
485,4,1.56895099008191,0.106537906979951
485,7,3.90755958718864,0.941087806564684
485,9,2.44911274099864,-2.8215544853738
485,10,1.94748028068728,2.20287597274382
486,3,4.67177203893373,4.82157597742869
486,4,1.74019527421844,0.509411834701395
486,7,4.1316225841573,1.28119057979743
486,9,2.44048407210223,-2.81309971309398
486,10,2.26806898261335,2.49400869427286
487,4,1.90866580044138,0.875969928048714
487,7,4.3550651010521,1.54768569484011
487,9,2.45244193766958,-2.80884184741006
487,10,2.63122162751863,2.77343489068495
488,4,2.1946412049836,1.15237824983993
488,7,4.53764605413151,1.89426109972335
488,9,2.45891537693617,-2.80892743178212
488,10,3.04197368643843,2.9381149145964
489,4,2.45258985576017,1.48010229901818
489,7,4.7718285668962,2.25282672463491
489,9,2.46352910078905,-2.81496595186702
489,10,3.49754437605636,3.09220150219763
490,4,2.70760533602714,1.81561105126169
490,7,5.07562210719821,2.52291129492466
490,9,2.46747039752642,-2.80962438838326
490,10,3.91650979511186,3.29499438285527
491,4,3.06090445353211,2.06979626107136
491,7,5.36594460712746,2.82595291070951
491,9,2.46703599993624,-2.80496320596894
491,10,4.37555852778726,3.4507973684853
492,4,3.40501248548922,2.38073534032486
492,7,5.65515662836709,3.1339089593894
492,9,2.46449246732442,-2.80393260152485
492,10,4.78857078585848,3.64524097773873
493,4,3.73054715895804,2.67334680663261
493,7,5.98973100894398,3.35320994858643
493,9,2.46389335815608,-2.79889548630535
493,10,5.17671353167839,3.87087808558196
494,4,4.09248856877554,2.88953641695611
494,7,6.31341859751027,3.58598988386465
494,9,2.46371287577849,-2.79733910991135
495,4,4.45416838037429,3.14495720099656
495,9,2.46368063399243,-2.79616552059344
496,4,4.78627840557095,3.45469507888133
496,9,2.46631124252461,-2.79850767016929
497,4,5.17448826698271,3.6539853846743
497,9,2.48620962849538,-2.79755396636113
498,4,5.56130071061271,3.83905048892741
498,6,6.00649429520056,3.26951445505803
498,9,2.49500856521773,-2.8019510236237
499,9,2.48660729270302,-2.81431704215252
500,5,-2.32115832005066,-4.38809801314105
500,9,2.48579638161611,-2.80667627932093
501,5,-1.8799874526639,-4.20540694173847
501,9,2.48539043169697,-2.79445758859931
501,11,3.8505473808998,5.50673232255343
502,5,-1.47157386086089,-3.95726462137136
502,9,2.48146128127986,-2.79510649350227
502,11,3.8207863192331,5.03699154969384
503,5,-1.05221917473468,-3.78183642520154
503,9,2.48438310515976,-2.79130872208163
503,11,3.74909259191837,4.57428926399769
504,9,2.48253367379019,-2.79226218833475
504,11,3.74459026406803,4.10536702792026
505,9,2.47811633323887,-2.79877005788207
505,11,3.72878882162146,3.62431575196212
506,5,0.118940878019191,-3.11190470743122
506,9,2.4737865199287,-2.80284110909175
506,11,3.69410139555294,3.14101712637
507,5,0.511697979359693,-2.84123070934396
507,9,2.47816015523675,-2.79915104666625
507,11,3.74898690661938,2.70031824608652
508,5,0.898902194297932,-2.51910196075514
508,9,2.47299758931265,-2.80422356863307
508,11,3.73977728145149,2.26479620031278
509,5,1.28377182843187,-2.25172189568684
509,9,2.46290894033971,-2.82212247792928
509,11,3.74801057142752,1.8514016452211
510,5,1.60912354479752,-1.91126089445444
510,9,2.4553610273675,-2.83946075614239
510,11,3.79097396434804,1.51015453399691
511,5,1.88132017310547,-1.49783077851521
511,9,2.4571938069355,-2.83715290054326
511,11,3.77092070181055,1.19892065856683
512,5,2.15180318584083,-1.08897418564157
512,9,2.4584317626468,-2.83299353127953
512,11,3.7772827513184,1.01257901617661
513,5,2.26284405452999,-0.624550933073051
513,9,2.46007276071706,-2.83059515399843
513,11,3.8000865944306,0.93978810243046
514,9,2.46048832521395,-2.82223324646637
514,11,3.80397222399637,0.901885554582204
515,5,2.47950504540689,0.214738407554387
515,9,2.46099875017846,-2.81824601135243
515,11,3.80986356789738,0.863591684910097
516,5,2.65103820665944,0.59822627950742
516,9,2.4623348388482,-2.80929217340654
516,11,3.73664782945097,0.748471860379651
517,5,2.80251503542364,1.02455926589957
517,9,2.45183683231109,-2.78732005779899
517,11,3.52534666074392,0.588951594258382
518,5,2.99923476246456,1.4304445666976
518,9,2.45456618116385,-2.77416754122752
518,11,3.27234003597764,0.363581849755425
519,5,3.16409705049773,1.82465596198911
519,9,2.44531987565557,-2.74689522572987
519,11,2.92744518403287,0.165666609104952
520,5,3.37122847579301,2.18758921413945
520,9,2.44879534631755,-2.74096740348183
520,11,2.50264174464673,0.053649782710635
521,5,3.62720279023938,2.59848975468534
521,9,2.43290901293769,-2.74349935410126
521,11,2.08537782484171,-0.075467667407784
522,5,3.7221464689199,3.08800983201951
522,9,2.42175504685679,-2.72975895411008
522,11,1.63822283752436,-0.168416671346567
523,9,2.42682751877416,-2.74344568202466
523,11,1.23177010904908,-0.295069805716618
524,9,2.42807681087313,-2.77469130283007
524,11,0.864095247252556,-0.472194547673255
525,9,2.43319369603182,-2.8270331700525
525,11,0.49845221464742,-0.559989407031174
526,9,2.43224459384917,-2.84138892453831
526,11,0.181004853927204,-0.599626106079689
527,9,2.43318199962493,-2.84558610619484
527,11,0.003672567987277,-0.580503032575071
528,9,2.43106036451131,-2.8407215414569
528,11,-0.012200155259123,-0.568492764950378
529,9,2.43383799202392,-2.82792466601309
529,11,-0.023466468848912,-0.564216941224018
530,9,2.43716200550851,-2.82143126630619
530,11,-0.074567554869009,-0.581307698395932
531,9,2.44397442153633,-2.81150686335327
531,11,-0.219346665197076,-0.53254589673349
532,9,2.44683086086648,-2.81139924203727
532,11,-0.538143599102654,-0.399298030372923
533,9,2.44222381453298,-2.82123787603101
533,11,-0.882542209734252,-0.423604160636489
534,8,4.31085409327505,8.3964294303293
534,9,2.43812012869283,-2.82819957660596
534,11,-1.27512543231057,-0.51651109977561
535,9,2.44765505739772,-2.82453774254935
535,11,-1.69953759638369,-0.585195544481009
536,9,2.45188056428934,-2.82287628434626
536,11,-2.08699269521806,-0.753316395656911
537,9,2.45279507657327,-2.82401313993314
537,11,-2.50931289065339,-0.905309840679561
538,9,2.4607778135052,-2.82090318465762
538,11,-2.922565372534,-1.05177303398355
539,9,2.46159105949638,-2.82381991700897
539,11,-3.29515796839846,-1.26448963892669
540,9,2.45509335684117,-2.83226786053552
540,11,-3.71883093918364,-1.44287540701058
541,9,2.45010641679946,-2.83897426136149
541,11,-4.0785512145273,-1.65936595727371
542,9,2.44411379397637,-2.84118548406719
542,11,-4.38525250287665,-1.90951585035362
543,9,2.44584740172466,-2.842895995212
543,11,-4.67918055195493,-2.12296672137495
544,9,2.44426801942114,-2.84084132143953
544,11,-4.89830292365282,-2.33321057090447
545,9,2.44423092690342,-2.83707819614832
545,11,-5.04105045906703,-2.50415856926723
546,9,2.45459932143756,-2.83883217536366
546,11,-5.09899267663494,-2.56544073067109
547,9,2.45960920113144,-2.84607042188007
547,11,-5.12525661291052,-2.58985171946539
548,9,2.44965923817942,-2.84585270587596
548,11,-5.13702193177029,-2.5922023742569
549,9,2.44518318158273,-2.84215511186199
549,11,-5.14194635829805,-2.61028418291264
550,4,6.04378978760082,3.28441897352022
550,9,2.42963582000004,-2.80497324187064
550,11,-5.1900396980528,-2.65682613703784
551,9,2.39735548729184,-2.78174610125738
551,11,-5.21120091197367,-2.73262160219605
552,6,4.90952316283399,3.10139265714485
552,9,2.39330849478467,-2.78286436844695
552,11,-5.10782024504346,-2.66027136225224
553,6,4.62853647354365,2.86752446551055
553,9,2.3977495809543,-2.79258056826517
553,11,-4.87348122962633,-2.4974410748524
554,4,4.98470207247672,2.40116533479554
554,6,4.42125122596245,2.56587065442454
554,9,2.41879956945784,-2.82106044214146
554,11,-4.58695495394542,-2.31735533383201
555,4,4.77027302182012,2.08959122258136
555,6,4.24263015376764,2.25668076073544
555,7,5.48357053063279,3.79681693797106
555,9,2.43182255719409,-2.851800726557
555,11,-4.32427019251764,-2.03830775177488
556,4,4.5210473781899,1.85301516926484
556,6,3.97999340813425,2.0064586779477
556,7,5.1885043109553,3.57486098542598
556,9,2.44133071813888,-2.85633112536315
556,10,5.90385443251514,3.2500085297181
556,11,-4.02776349255719,-1.74256351847105
557,4,4.30042288463059,1.59068396963808
557,6,3.74986210196691,1.72982863583867
557,7,4.86299341962129,3.39463928428167
557,9,2.4448279045594,-2.84698129468919
557,10,5.55499428902902,3.01796291555656
558,4,4.13491379869567,1.26145330228007
558,6,3.48402073358587,1.46376006798457
558,7,4.59414121311029,3.16356253801535
558,9,2.44871699505816,-2.82963302409756
558,10,5.23994175567652,2.84641486828438
559,4,3.8566430972253,1.01980748249932
559,6,3.18794251909892,1.22139633507251
559,7,4.34598078114012,2.86144272570802
559,9,2.45043957186187,-2.83296211920409
559,10,4.92821401618092,2.64179695285164
559,11,-3.15417361602395,-0.765584206544851
560,4,3.58948658984581,0.768731756205849
560,6,2.9576866313675,0.943919148307404
560,7,4.07161934746729,2.62819609444642
560,9,2.45145869287512,-2.83941957782956
560,10,4.70031312258579,2.34668892745839
561,4,3.4063966012383,0.424350752191889
561,6,2.750275231117,0.62583209814509
561,7,3.84083696085229,2.39108324999854
561,9,2.4534164163622,-2.84088831356554
561,10,4.49000514457409,2.10743290395299
561,11,-2.4930709445828,-0.144111218117593
562,4,3.14685069863588,0.122402311903677
562,6,2.48291662934911,0.328854747936225
562,7,3.65253303005369,2.11861666720428
562,9,2.45083935259885,-2.84041179044516
562,10,4.28795662287188,1.83841985561976
562,11,-2.16000890496142,0.17265314742591
563,4,2.88402340066276,-0.16922733656936
563,6,2.2845224246533,0.007815425035187
563,7,3.44261455896157,1.85094263863284
563,9,2.45031239316656,-2.83862883041246
563,10,4.10616278390779,1.55045493636989
563,11,-1.86889118075025,0.494347728808775
564,4,2.7079767225055,-0.54154817657856
564,6,2.08609692416754,-0.336254524989677
564,7,3.25157848847533,1.54730090000745
564,9,2.44653485514677,-2.83028054625589
564,10,3.86265040649001,1.39947828518802
564,11,-1.54657452366186,0.81859558619063
565,4,2.47910170744765,-0.843027702183203
565,6,1.86141350184833,-0.641209425233831
565,7,3.15674173394115,1.25423219606612
565,9,2.44559119253397,-2.81946055871712
565,10,3.67177200306168,1.16924050628817
565,11,-1.22182627049009,1.12754134790545
566,4,2.20708993330027,-1.0628370450463
566,6,1.69566678261733,-0.953825647418648
566,7,2.98253303168173,0.957141326015376
566,9,2.44855167844439,-2.81141667291348
566,10,3.64134025704176,0.795681311780516
566,11,-1.01318099157039,1.48508474804532
567,4,2.06261786429052,-1.32002118199894
567,6,1.49821342858984,-1.28590512647518
567,7,2.74684217406113,0.711088414627039
567,9,2.46211797681031,-2.83609235536397
567,10,3.34397538650536,0.583174696320088
567,11,-0.725403474988138,1.80811771617067
568,4,1.93117668813823,-1.5668801577788
568,6,1.26336594703542,-1.60387879171071
568,7,2.52865270892764,0.458444427454018
568,9,2.47779426575696,-2.85553319185028
568,10,3.13549303667021,0.297669253366345
568,11,-0.444733913476194,2.05279987163279
569,4,1.70420255725159,-1.7407111659112
569,6,1.1344942959576,-1.95184443811422
569,7,2.32279956526293,0.189297489470491
569,9,2.49432961904588,-2.86090652016546
569,10,3.00850738382356,-0.058000500550143
569,11,-0.237954603823565,2.3672173126635
570,4,1.56239613582338,-1.906728617642
570,6,1.01595729435989,-2.26907131518137
570,7,2.09914291601516,-0.051906784136734
570,9,2.48223612740495,-2.81866511785575
570,10,2.77578261786418,-0.34671191357975
570,11,-0.050516970425534,2.66008631780735
571,4,1.56854616445655,-2.1428002754286
571,6,0.861741545812635,-2.53581895754632
571,7,1.96766668588964,-0.359569135694311
571,9,2.46757461120352,-2.79224702248882
571,10,2.56817599064872,-0.600898888092442
571,11,0.033263918643379,2.91707743671227
572,4,1.56277049404077,-2.36787273724513
572,6,0.813708303628606,-2.75929878863688
572,7,1.81239211770373,-0.659306479408555
572,9,2.46623893686331,-2.78937788709252
572,10,2.46364879464436,-0.864204701887686
572,11,0.031525085511668,3.08102164987506
573,4,1.46378102337695,-2.56093602511776
573,6,0.802680429118398,-2.94970756964545
573,7,1.59356407123035,-0.888235290526121
573,9,2.47983953564681,-2.78194768603607
573,10,2.3505806413781,-1.11789905953372
573,11,0.059276063535746,3.1479842559976
574,4,1.37132220983026,-2.71531693131649
574,6,0.765911038962701,-3.02592151009714
574,7,1.45862053964102,-1.12193794158561
574,9,2.48748249045199,-2.80031925772919
574,10,2.1652405766017,-1.26338033884169
574,11,0.081682132128513,3.15735534778029
575,4,1.35109478933407,-2.83422735134199
575,6,0.751778242435267,-3.03537600348309
575,7,1.42313904107534,-1.36656427653135
575,9,2.49108847772161,-2.84352627797346
575,10,2.01317989788363,-1.40517907465649
575,11,0.08151265059244,3.17276984227821
576,4,1.37382588097611,-2.91811393980057
576,6,0.741446763631496,-3.00188695261717
576,7,1.41076091872038,-1.51146308836175
576,9,2.49916979024821,-2.86773224191671
576,10,1.97085368247384,-1.57547475317942
576,11,0.015439200231257,3.17648889422045
577,4,1.40265073219148,-2.93523529753748
577,6,0.725052847338006,-2.97851441651359
577,7,1.29839193608106,-1.66478909935263
577,9,2.49833552618382,-2.86220004603538
577,10,1.95839829908095,-1.70911151936016
577,11,-0.014604060173389,3.31598127666895
578,4,1.40299838080359,-2.93626297573288
578,6,0.741818981263533,-2.99337622993373
578,7,1.22388067922078,-1.81032311508276
578,9,2.49254197697114,-2.8440156828549
578,10,1.98136762198052,-1.71084880068159
578,11,0.178729125268841,3.50567457806869
579,4,1.39466086453769,-2.93990594805292
579,6,0.755582830369256,-2.99951800379371
579,7,1.20052659414897,-1.94324926321793
579,10,1.94001103494558,-1.70812271292288
579,11,0.458643068464002,3.69631754023604
580,4,1.39078862740361,-2.93537870493184
580,6,0.773259486463101,-3.01171489958352
580,7,1.1639793381648,-2.04731836054294
580,9,2.49653715019474,-2.84680413531436
580,10,1.91041772509023,-1.67191341294852
580,11,0.758926872432359,3.88905886151338
581,4,1.3810842038463,-2.92750765188343
581,6,0.760251478482747,-2.99917228744062
581,7,1.12261599701018,-2.07974546513641
581,9,2.49880869748931,-2.85377490987864
581,10,1.82026583880581,-1.6470297114462
581,11,1.15208640694156,4.05073313709142
582,4,1.38172507943485,-2.93890791308081
582,6,0.736103884820093,-2.99819990175042
582,7,1.09524199391807,-2.09566156500867
582,9,2.49528690415206,-2.85789585550898
582,10,1.75016924706836,-1.69549372274422
582,11,1.46469830255847,4.30965464594094
583,4,1.38147655463443,-2.94782817461484
583,6,0.706316107004145,-3.00223313083587
583,7,1.08024813541732,-2.11605014635776
583,9,2.48981601844061,-2.85617135493503
583,10,1.73507842713037,-1.79525214845228
583,11,1.77265383714785,4.58848207708342
584,4,1.38520228462111,-2.9542888215344
584,6,0.669252850180163,-2.99737437401296
584,7,1.04830653675181,-2.12343380792359
584,9,2.49202411953603,-2.86125648038255
584,10,1.78434514212794,-1.9797430932532
584,11,2.13979243087512,4.83808473330815
585,4,1.33123737760536,-2.9527480616784
585,6,0.586234492145116,-3.01834086047572
585,7,1.04153927535894,-2.12548246397925
585,9,2.49287202150557,-2.86197050582998
585,10,1.77480862069276,-2.0680050452294
585,11,2.43205355076618,5.16267669250289
586,4,1.30559793376082,-2.90555247667173
586,6,0.572366297243706,-3.00829544774139
586,7,1.05317701025823,-2.08181624753017
586,9,2.49235607438163,-2.86755777887543
586,10,1.71812021226428,-2.1139282312941
586,11,2.7335808174101,5.48381759513753
587,4,1.2932512957341,-2.8682086966205
587,6,0.614185963497116,-2.91016588548139
587,7,0.999865239360372,-2.0735940876186
587,8,5.30332570740169,4.00256531257204
587,9,2.49000194567422,-2.86767482473109
587,10,1.69362782923354,-2.10783674658717
587,11,3.05684626995374,5.77698960807125
588,4,1.2805543050004,-2.89038265948433
588,6,0.693186549103723,-2.82667722426196
588,7,0.976435388406774,-2.06783546324107
588,8,4.94659540415332,3.77727405649625
588,9,2.48688099925665,-2.88776296081425
588,10,1.84261089762382,-2.02452260104568
588,11,3.29923804735938,6.10321876246767
589,4,1.29951683313074,-2.88663700763053
589,6,0.80177161961786,-2.70083527843995
589,7,1.00612025456793,-1.9274793271598
589,8,4.58659436245014,3.48400829818752
589,9,2.48735460868734,-2.89013542489122
589,10,1.95773739747799,-1.76296235561285
589,11,3.60658626748041,6.40024954869169
590,4,1.40080093852523,-2.79646357249108
590,6,0.924568104588326,-2.52616339307057
590,7,1.11891236823028,-1.68581394319129
590,8,4.33755158572677,3.14101088431467
590,9,2.45366078531519,-2.8481001885137
590,10,1.93198506940291,-1.40677040640051
590,11,3.89317256493995,6.65327993604451
591,4,1.47132002840817,-2.69305457420306
591,6,1.00604085850826,-2.29074456271917
591,7,1.26846723420923,-1.48593108285571
591,8,4.01984487878124,2.80896547777469
591,9,2.4108299608116,-2.7477164919348
591,10,1.95399989374194,-0.990611467437594
591,11,4.11524726874509,6.90572039597113
592,4,1.48115486288195,-2.5224170946897
592,5,4.58050070900459,2.37293940644687
592,6,1.10609938204563,-2.07659569039384
592,7,1.42495417572477,-1.27622466712414
592,8,3.77973351080248,2.39781456134927
592,9,2.42704212629621,-2.65698220899781
592,10,1.88044332118477,-0.435980314475541
592,11,4.34243192432421,7.06973451739363
593,4,1.4924783581808,-2.2989243672131
593,5,4.38276042229669,2.09355527515498
593,6,1.25610080165106,-1.85983165607644
593,7,1.48073230739879,-0.961520127338717
593,8,3.53596622320322,2.03236856549922
593,9,2.43232418730014,-2.61235755436808
593,10,1.6964397524053,0.046257266899684
593,11,4.49581886697652,7.17621421922708
594,4,1.57381684534116,-2.09033709297945
594,5,4.12455255849365,1.8285924264115
594,6,1.34126781074951,-1.56260527187066
594,7,1.59486931333033,-0.603870216265241
594,9,2.38105502558814,-2.66995411127046
594,10,1.59697175443199,0.394078860931851
594,11,4.53341442902845,7.2317433961359
595,4,1.44783796129051,-1.86090134257717
595,5,3.89086534381112,1.50371631988449
595,6,1.3950265065827,-1.28237257810706
595,7,1.71539635624002,-0.250075610164913
595,8,3.06121308228193,1.21741703704267
595,9,2.29536234428762,-2.70601735046839
595,10,1.392073657703,0.709763972245325
595,11,4.54215535677431,7.25000623336922
596,4,1.23110932049095,-1.5685297525482
596,5,3.70546806949858,1.18103469987846
596,6,1.47252908380031,-0.955838504293102
596,7,1.73225198552062,0.153822817228494
596,8,2.78693947429677,0.841219322437546
596,9,2.327537732411,-2.61702844972105
596,10,1.18086289988427,1.07931511652372
597,4,1.18536307102977,-1.19349629458799
597,5,3.47780191506368,0.90151973827959
597,6,1.49174711069616,-0.597744122344661
597,7,1.73122797716917,0.57552713449114
597,8,2.56924497957249,0.419323811722095
597,9,2.43410293902339,-2.50194315505032
597,10,1.13176142371959,1.41038931771124
598,4,1.17520498920599,-0.83303773632235
598,5,3.26244170298429,0.589215242004785
598,6,1.52873076144925,-0.243733675650713
598,7,1.75764969818815,1.01426667735557
598,8,2.3979746971048,-0.003302522343848
598,9,2.41365794913866,-2.36531490576049
598,10,1.09366585371971,1.74647967181498
599,4,1.14275505642942,-0.471452565887
599,5,3.06763512567338,0.261955521349106
599,6,1.61074729229362,0.110295217415998
599,7,1.7454917580434,1.42340758276007
599,8,2.14078628417366,-0.382140659470022
599,9,2.36935943770431,-2.21071337204875
599,10,1.07576505492157,2.07348928964636
600,4,1.2681920083129,-0.163415811104381
600,5,2.80447532660964,0.002957402123614
600,6,1.51681527505693,0.409396557632853
600,7,1.86216281365682,1.79897980298096
600,8,1.9651103143098,-0.821825129886087
600,9,2.50275162314788,-2.02484909414527
600,10,1.2704608916162,2.31950233713072
601,4,1.46260534436394,0.125254453355506
601,5,2.57388564812688,-0.276687414007029
601,6,1.45125660283367,0.746373686945782
601,7,2.02732675504646,2.18965224211075
601,8,1.71926549909216,-1.19695516237789
601,9,2.69146802925223,-1.78461250898093
601,10,1.42593434503401,2.68592856324888
602,4,1.60781832208313,0.470579846010111
602,5,2.40328540366661,-0.608622999294434
602,6,1.46059061018223,1.10403054290053
602,7,2.14131050260878,2.59829708652124
602,8,1.4741235206464,-1.58714844785293
602,9,2.82372690771405,-1.37497252632398
602,10,1.51855607010611,3.1302410070179
603,4,1.85337243636338,0.845105936446087
603,5,2.2033387378396,-0.915831710232569
603,6,1.47610049153414,1.42614520811157
603,7,2.34830786863969,2.96549051445311
603,8,1.31994749106908,-1.98539250273051
603,9,2.96395558779387,-0.949937685659413
603,10,1.73833999906897,3.51736747467137
604,4,2.03961135331947,1.21824599171085
604,5,1.93967133524521,-1.24618226778489
604,6,1.5122741119979,1.75589726690932
604,7,2.55600142049469,3.34920640870734
604,8,1.09789153361218,-2.32419031324434
604,9,3.07903036752715,-0.498742732760724
604,10,1.96930666915897,3.93508953806112
604,11,4.9135527227914,5.45580782158582
605,4,2.13070933121529,1.65750089734147
605,5,1.67411578317803,-1.58179222194002
605,6,1.65309155794746,2.08600859605748
605,7,2.71520813776948,3.75637180153449
605,8,1.00235444600162,-2.64226412578223
605,9,3.14677015218525,-0.023248741406106
605,10,2.19358200266107,4.34036642154503
605,11,4.74099569448286,5.06406631324348
606,4,2.35328414121888,2.06077160375639
606,5,1.41792696025254,-1.77305095415074
606,6,1.77824117291386,2.44521417337348
606,7,2.95217928137433,4.137935358049
606,8,1.0314065368641,-2.97055182429657
606,9,3.27049023749028,0.449742255294389
606,10,2.46954094232747,4.6262836148911
607,4,2.50633564087507,2.42761061164537
607,5,1.18279000785955,-1.92001189237321
607,6,1.91621387558688,2.8277449211794
607,8,1.03865673914777,-3.09989308069136
607,9,3.3275873194263,0.931695898586746
607,10,2.71782053098343,4.98681172764783
608,4,2.6123720204908,2.84384078095381
608,5,0.982559583669829,-2.11650265295248
608,6,2.11404231080603,3.1517785196513
608,7,3.31518753359087,4.89761137613922
608,8,1.02099911660532,-3.15420164269409
608,9,3.41109896841836,1.37249101281163
608,10,2.99090200024984,5.37035392029714
608,11,4.12808155720127,4.02033402095589
609,4,2.81624853726323,3.25043491906697
609,5,0.75155266266368,-2.27510308837175
609,6,2.30318824139979,3.48644592835137
609,7,3.53716789634412,5.22354660110444
609,8,0.993625940020215,-3.17732295777299
609,9,3.62243322893176,1.77730262517096
609,10,3.30116864124572,5.74428074541706
609,11,3.92958087188362,3.68486221666998
610,4,3.03764939098432,3.59899819234264
610,5,0.54317725883469,-2.37057524204137
610,6,2.50272733486781,3.87930137228891
610,7,3.75510959424992,5.54646682944127
610,8,1.01589595780728,-3.12526889879193
610,9,3.75540525478718,2.22104269977965
610,10,3.49089466450173,6.11624744061678
610,11,3.65277230702418,3.41051375756884
611,4,3.19010271834768,3.95898278277727
611,5,0.383849620207312,-2.46309738142683
611,6,2.73154293021006,4.31057238362052
611,8,0.997498390518269,-3.0905609778228
611,9,3.91724591855748,2.65560038737613
611,10,3.6850908892403,6.47189891611059
611,11,3.37966584107101,3.10204119162768
612,4,3.42591392983003,4.26366556566057
612,5,0.11947702972787,-2.66859582506655
612,6,2.88841755789069,4.77697686733404
612,8,0.850785270656799,-3.12276622104705
612,9,4.08868059945569,3.06271016866005
612,10,3.86171610734826,6.81766460307561
612,11,3.02527981199228,2.84366081978646
613,4,3.61746639806691,4.59198746678214
613,5,-0.183930918627321,-2.81889548106333
613,6,3.09024646425394,5.14656036838533
613,8,0.523874385572026,-3.07789704449854
613,9,4.13486076915671,3.43718585227162
613,10,3.97476267607194,7.22429604485038
613,11,2.63576226796194,2.6059749796062
614,4,3.72404935961643,4.97911808021816
614,5,-0.565207024660868,-2.90738341155362
614,6,3.2923757660345,5.42989827957729
614,8,0.277857924355177,-3.16587125540311
614,9,4.22859278689677,3.76001852432964
614,10,4.11567025438536,7.52906208349718
614,11,2.26629835948183,2.34395433501659
615,4,3.90444457956118,5.32383528191694
615,5,-0.937554431149469,-3.06814290450523
615,8,0.007863787029366,-3.37656318114155
615,9,4.37420498881801,4.04723779921753
615,10,4.2068697255304,7.82566866202409
615,11,1.85788916033488,2.14306134815913
616,4,4.08526725967564,5.62062287379627
616,5,-1.28649323995606,-3.27832231620948
616,8,-0.402115990852212,-3.57300904217449
616,11,1.46307346420175,1.91281657185189
617,4,4.21697325792132,5.96588208624718
617,5,-1.67197727301055,-3.43023001507765
617,8,-0.776164026470423,-3.85268665342888
617,11,1.0464288376317,1.6676946957244
618,4,4.40635750933163,6.30831214360445
618,5,-2.05341097797483,-3.64294247946595
618,8,-1.18007905901513,-4.06075275127577
618,11,0.650862062137397,1.42522290606149
619,4,4.62138441231016,6.6234290506053
619,11,0.372469707288032,1.12128834003579
620,4,4.67970200389089,6.98925693614101
620,11,0.056029882566678,0.800537362826503
621,4,4.70118984003931,7.36423981948649
621,5,-3.2350047125455,-4.15257354306139
621,11,-0.198027043040834,0.427775393088842
622,8,-2.76202744185255,-5.05054210585569
622,11,-0.343303447586115,0.003822302657719
623,5,-4.00800514176644,-4.43205323696349
623,11,-0.573258804138588,-0.382735527005179
624,5,-4.35334583829952,-4.63356509577554
624,8,-3.57000059655228,-5.5169241954567
624,11,-0.769177637130178,-0.771696845675333
625,8,-3.93182639552469,-5.76390137540774
625,11,-0.98984812644219,-1.18540022452392
626,8,-4.28714778940392,-5.82547920717532
626,11,-1.25241483960022,-1.54100929885837
627,8,-4.58970855593313,-5.93605813085955
627,11,-1.49216404308502,-1.90880464511522
628,11,-1.81088039186449,-2.20275104567102
629,11,-2.16784289318502,-2.39388118355042
630,11,-2.53829530100423,-2.55997580150447
631,11,-2.95330601538005,-2.638620545362
632,11,-3.35786995576077,-2.69632504511994
633,11,-3.77324510580595,-2.7324442751395
634,11,-4.14628107394028,-2.69777255884769
635,11,-4.45477394704932,-2.71146961832608
636,5,-4.36022338669984,-4.64757544506644
636,11,-4.73598679172865,-2.69883130113126
637,11,-4.91087658595835,-2.64044639411694
638,11,-4.97979740046352,-2.64892665628791
639,11,-4.97966157260978,-2.70203228839324
640,5,-3.88508006523613,-4.56087842191644
640,11,-5.03886021065255,-2.69458405789987
641,11,-5.07676146968182,-2.5701202656989
642,11,-5.11190659483967,-2.50260821944763
643,8,-4.74748172693387,-5.47645149905403
643,11,-5.13290921780775,-2.55725657544802
644,8,-4.46620396299612,-5.36627349074127
644,11,-5.13007912618835,-2.57965233788918
645,8,-4.19092463728891,-5.18266062496751
645,11,-5.13013019761017,-2.57801763180946
646,11,-5.1255296909339,-2.58524262223367
647,5,-3.28177452217187,-4.36197612338347
647,11,-5.10506922567231,-2.58712110568225
648,11,-5.08390748197551,-2.60669640834338
